uniprot_accession	protein_length	n_domains	is_single_domain	pre_domain_start	pre_domain_end	pre_domain_length	n_domain_start	n_domain_end	n_domain_length	c_region_start	c_region_end	c_region_length	source_dataset
A0A087WU62	256.0	2	False	1	116	116	117	171	55	172	256.0	85.0	hsp60
A0A0B4J2F0	54.0	1	True	0	0	0	1	54	54	0	0.0	0.0	mito
A1L188	74.0	1	True	1	2	2	3	72	70	73	74.0	2.0	mito
A3KMH1	1905.0	4	False	1	88	88	89	277	189	278	1905.0	1628.0	matrix,mito
A4D1E9	387.0	2	False	1	11	11	12	147	136	148	387.0	240.0	matrix,mito
A6NC05	138.0	1	True	1	29	29	30	100	71	101	138.0	38.0	matrix,mito
A6NFY7	115.0	1	True	1	5	5	6	66	61	67	115.0	49.0	matrix,mito
A6NJ78	407.0	2	False	1	71	71	72	404	333	405	407.0	3.0	matrix,mito
A6NK06	481.0	2	False	1	25	25	26	424	399	425	481.0	57.0	matrix,mito
A6NK58	231.0	1	True	1	4	4	5	221	217	222	231.0	10.0	matrix,mito
A6NNL5	157.0	1	True	0	0	0	1	147	147	148	157.0	10.0	matrix,mito
A8MSI8	78.0	1	True	1	6	6	7	76	70	77	78.0	2.0	mito
A8MUP2	240.0	1	True	1	31	31	32	240	209	0	0.0	0.0	matrix,mito
A8MXV4	375.0	1	True	1	7	7	8	288	281	289	375.0	87.0	hsp60,matrix,mito
B4DEF8	329.0	1	True	1	139	139	140	310	171	311	329.0	19.0	matrix,mito
B4DJ38	749.0	3	False	1	188	188	189	271	83	272	749.0	478.0	mito
G3V325	749.0	3	False	1	188	188	189	271	83	272	749.0	478.0	hsp60
H0UI37	97.0	1	True	1	25	25	26	97	72	0	0.0	0.0	mito
O00142	265.0	1	True	1	35	35	36	239	204	240	265.0	26.0	matrix,mito
O00154	380.0	2	False	1	55	55	56	205	150	206	380.0	175.0	matrix,mito
O00217	210.0	1	True	1	83	83	84	208	125	209	210.0	2.0	mito
O00330	501.0	3	False	1	54	54	55	148	94	149	501.0	353.0	hsp60,matrix,mito
O00408	941.0	3	False	1	213	213	214	387	174	388	941.0	554.0	mito
O00411	1230.0	4	False	1	227	227	228	386	159	387	1230.0	844.0	hsp60,matrix,mito
O00429	736.0	3	False	0	0	0	1	310	310	311	736.0	426.0	mito
O00483	81.0	1	True	0	0	0	1	73	73	74	81.0	8.0	hsp60,mito
O00746	187.0	1	True	1	35	35	36	185	150	186	187.0	2.0	hsp60,mito
O00763	2458.0	8	False	1	225	225	226	384	159	385	2458.0	2074.0	mito
O14521	159.0	1	True	1	45	45	46	159	114	0	0.0	0.0	mito
O14548	114.0	1	True	1	56	56	57	114	58	0	0.0	0.0	hsp60,mito
O14561	156.0	1	True	1	65	65	66	156	91	0	0.0	0.0	mito
O14832	338.0	1	True	1	30	30	31	338	308	0	0.0	0.0	matrix,mito
O14874	412.0	2	False	1	69	69	70	223	154	224	412.0	189.0	hsp60,matrix,mito
O14880	152.0	1	True	1	1	1	2	142	141	143	152.0	10.0	mito
O14925	209.0	1	True	1	49	49	50	207	158	208	209.0	2.0	mito
O14949	82.0	1	True	1	1	1	2	82	81	0	0.0	0.0	mito
O14957	56.0	1	True	0	0	0	1	56	56	0	0.0	0.0	mito
O15091	583.0	2	False	1	143	143	144	372	229	373	583.0	211.0	hsp60,matrix,mito
O15229	486.0	1	True	0	0	0	1	369	369	370	486.0	117.0	mito
O15235	138.0	1	True	1	30	30	31	138	108	0	0.0	0.0	hsp60,matrix,mito
O15239	70.0	1	True	1	4	4	5	68	64	69	70.0	2.0	mito
O15270	562.0	2	False	1	168	168	169	527	359	528	562.0	35.0	mito
O15382	392.0	2	False	1	27	27	28	204	177	205	392.0	188.0	hsp60,matrix,mito
O15527	345.0	3	False	1	9	9	10	100	91	101	345.0	245.0	matrix,mito
O15528	508.0	1	True	1	29	29	30	508	479	0	0.0	0.0	mito
O43169	150.0	1	True	1	15	15	16	107	92	108	150.0	43.0	mito
O43181	175.0	1	True	1	72	72	73	152	80	153	175.0	23.0	hsp60,mito
O43236	996.0	1	True	1	638	638	639	934	296	935	996.0	62.0	mito
O43272	600.0	2	False	1	87	87	88	269	182	270	600.0	331.0	mito
O43325	122.0	1	True	1	2	2	3	77	75	78	122.0	45.0	mito
O43464	458.0	2	False	1	139	139	140	351	212	352	458.0	107.0	mito
O43488	359.0	1	True	1	36	36	37	359	323	0	0.0	0.0	hsp60,matrix,mito
O43521	198.0	1	True	1	118	118	119	197	79	198	198.0	1.0	mito
O43572	662.0	3	False	1	92	92	93	181	89	182	662.0	481.0	mito
O43615	452.0	1	True	1	260	260	261	452	192	0	0.0	0.0	hsp60,mito
O43674	189.0	1	True	1	60	60	61	178	118	179	189.0	11.0	mito
O43676	98.0	1	True	1	18	18	19	96	78	97	98.0	2.0	mito
O43677	76.0	1	True	1	6	6	7	73	67	74	76.0	3.0	mito
O43678	99.0	1	True	0	0	0	1	99	99	0	0.0	0.0	hsp60,mito
O43708	216.0	2	False	1	7	7	8	85	78	86	216.0	131.0	matrix,mito
O43715	76.0	1	True	1	5	5	6	55	50	56	76.0	21.0	mito
O43716	136.0	1	True	1	33	33	34	68	35	69	136.0	68.0	matrix,mito
O43766	372.0	1	True	1	120	120	121	330	210	331	372.0	42.0	matrix,mito
O43772	301.0	2	False	0	0	0	1	107	107	108	301.0	194.0	mito
O43819	266.0	1	True	1	96	96	97	266	170	0	0.0	0.0	mito
O43824	516.0	2	False	1	110	110	111	236	126	237	516.0	280.0	matrix,mito
O43837	385.0	1	True	1	35	35	36	384	349	385	385.0	1.0	matrix,mito
O43847	1151.0	4	False	1	86	86	87	410	324	411	1151.0	741.0	matrix,mito
O43865	530.0	4	False	1	90	90	91	240	150	241	530.0	290.0	mito
O43920	106.0	1	True	1	5	5	6	98	93	99	106.0	8.0	mito
O60218	316.0	1	True	0	0	0	1	316	316	0	0.0	0.0	mito
O60220	97.0	1	True	1	22	22	23	85	63	86	97.0	12.0	mito
O60238	219.0	1	True	1	182	182	183	214	32	215	219.0	5.0	mito
O60260	465.0	3	False	0	0	0	1	76	76	77	465.0	389.0	mito
O60313	960.0	1	True	1	257	257	258	605	348	606	960.0	355.0	mito
O60783	128.0	1	True	1	27	27	28	118	91	119	128.0	10.0	matrix,mito
O60830	172.0	1	True	1	9	9	10	141	132	142	172.0	31.0	mito
O60930	286.0	2	False	1	25	25	26	76	51	77	286.0	210.0	matrix,mito
O75027	752.0	2	False	1	108	108	109	457	349	458	752.0	295.0	mito
O75127	700.0	3	False	1	142	142	143	224	82	225	700.0	476.0	matrix,mito
O75208	318.0	1	True	1	93	93	94	282	189	283	318.0	36.0	mito
O75251	213.0	1	True	1	57	57	58	213	156	0	0.0	0.0	mito
O75306	463.0	1	True	1	78	78	79	463	385	0	0.0	0.0	hsp60,mito
O75323	286.0	2	False	1	64	64	65	182	118	183	286.0	104.0	matrix,mito
O75380	124.0	1	True	1	70	70	71	121	51	122	124.0	3.0	mito
O75390	466.0	2	False	1	36	36	37	450	414	451	466.0	16.0	hsp60,matrix,mito
O75394	65.0	1	True	0	0	0	1	65	65	0	0.0	0.0	matrix,mito
O75414	186.0	1	True	1	10	10	11	162	152	163	186.0	24.0	matrix,mito
O75417	2590.0	7	False	1	74	74	75	289	215	290	2590.0	2301.0	matrix,mito
O75431	263.0	1	True	1	100	100	101	251	151	252	263.0	12.0	mito
O75438	58.0	1	True	0	0	0	1	58	58	0	0.0	0.0	hsp60,mito
O75439	489.0	2	False	1	38	38	39	265	227	266	489.0	224.0	hsp60,matrix,mito
O75489	264.0	1	True	1	35	35	36	186	151	187	264.0	78.0	hsp60,mito
O75521	394.0	3	False	1	33	33	34	126	93	127	394.0	268.0	hsp60,matrix,mito
O75570	445.0	4	False	1	62	62	63	179	117	180	445.0	266.0	matrix,mito
O75600	419.0	2	False	1	66	66	67	412	346	413	419.0	7.0	hsp60,mito
O75608	230.0	1	True	0	0	0	1	230	230	0	0.0	0.0	mito
O75616	437.0	2	False	1	107	107	108	338	231	339	437.0	99.0	hsp60,matrix,mito
O75648	421.0	3	False	0	0	0	1	234	234	235	421.0	187.0	hsp60,matrix,mito
O75746	678.0	3	False	1	7	7	8	127	120	128	678.0	551.0	mito
O75828	277.0	1	True	1	4	4	5	277	273	0	0.0	0.0	matrix,mito
O75879	557.0	1	True	1	494	494	495	556	62	557	557.0	1.0	matrix,mito
O75880	301.0	1	True	1	134	134	135	301	167	0	0.0	0.0	mito
O75891	902.0	5	False	0	0	0	1	205	205	206	902.0	697.0	matrix,mito
O75947	161.0	1	True	1	1	1	2	124	123	125	161.0	37.0	hsp60,mito
O75964	103.0	1	True	0	0	0	1	95	95	96	103.0	8.0	hsp60,mito
O76031	633.0	2	False	1	158	158	159	507	349	508	633.0	126.0	hsp60,matrix,mito
O94761	1208.0	3	False	0	0	0	1	54	54	55	1208.0	1154.0	matrix,mito
O94826	608.0	2	False	1	104	104	105	217	113	218	608.0	391.0	mito
O94903	275.0	1	True	1	9	9	10	260	251	261	275.0	15.0	matrix,mito
O94925	669.0	3	False	1	135	135	136	216	81	217	669.0	453.0	hsp60,mito
O95139	128.0	1	True	1	41	41	42	117	76	118	128.0	11.0	mito
O95140	757.0	2	False	1	98	98	99	320	222	321	757.0	437.0	mito
O95167	84.0	1	True	0	0	0	1	83	83	84	84.0	1.0	mito
O95168	129.0	1	True	1	15	15	16	118	103	119	129.0	11.0	mito
O95169	186.0	1	True	1	125	125	126	166	41	167	186.0	20.0	mito
O95178	105.0	1	True	1	51	51	52	97	46	98	105.0	8.0	mito
O95182	113.0	1	True	0	0	0	1	113	113	0	0.0	0.0	mito
O95202	739.0	1	True	1	534	534	535	734	200	735	739.0	5.0	hsp60,mito
O95258	325.0	1	True	1	41	41	42	324	283	325	325.0	1.0	mito
O95298	119.0	1	True	1	1	1	2	108	107	109	119.0	11.0	mito
O95299	355.0	1	True	1	56	56	57	277	221	278	355.0	78.0	hsp60,mito
O95363	451.0	2	False	1	45	45	46	353	308	354	451.0	98.0	matrix,mito
O95563	127.0	2	False	1	2	2	3	33	31	34	127.0	94.0	mito
O95571	254.0	1	True	1	18	18	19	249	231	250	254.0	5.0	matrix,mito
O95721	258.0	2	False	1	38	38	39	116	78	117	258.0	142.0	mito
O95822	493.0	2	False	1	32	32	33	191	159	192	493.0	302.0	matrix,mito
O95831	613.0	3	False	1	134	134	135	471	337	472	613.0	142.0	hsp60,mito
O95847	323.0	1	True	1	19	19	20	319	300	320	323.0	4.0	mito
O95900	331.0	1	True	1	3	3	4	301	298	302	331.0	30.0	hsp60,matrix,mito
O96000	172.0	1	True	1	22	22	23	171	149	172	172.0	1.0	hsp60,mito
O96008	361.0	1	True	1	69	69	70	360	291	361	361.0	1.0	mito
O96011	259.0	1	True	0	0	0	1	255	255	256	259.0	4.0	mito
P00156	380.0	1	True	0	0	0	1	379	379	380	380.0	1.0	mito
P00350	468.0	3	False	0	0	0	1	180	180	181	468.0	288.0	groel
P00363	602.0	4	False	1	6	6	7	409	403	410	602.0	193.0	groel
P00367	558.0	3	False	1	53	53	54	113	60	114	558.0	445.0	hsp60,matrix,mito
P00387	301.0	2	False	1	29	29	30	145	116	146	301.0	156.0	mito
P00390	522.0	3	False	1	64	64	65	390	326	391	522.0	132.0	hsp60,matrix,mito
P00393	434.0	1	True	1	4	4	5	413	409	414	434.0	21.0	groel
P00395	513.0	1	True	0	0	0	1	513	513	0	0.0	0.0	mito
P00403	227.0	2	False	0	0	0	1	91	91	92	227.0	136.0	hsp60,mito
P00414	261.0	2	False	0	0	0	1	70	70	71	261.0	191.0	mito
P00441	154.0	1	True	1	1	1	2	154	153	0	0.0	0.0	mito
P00480	354.0	2	False	1	39	39	40	338	299	339	354.0	16.0	matrix,mito
P00490	797.0	2	False	1	59	59	60	794	735	795	797.0	3.0	groel
P00505	430.0	2	False	1	41	41	42	425	384	426	430.0	5.0	hsp60,mito
P00846	226.0	1	True	1	61	61	62	226	165	0	0.0	0.0	hsp60,mito
P00944	440.0	1	True	1	2	2	3	440	438	0	0.0	0.0	groel
P02794	183.0	1	True	0	0	0	1	183	183	0	0.0	0.0	mito
P02925	296.0	2	False	1	30	30	31	281	251	282	296.0	15.0	groel
P02931	362.0	1	True	1	22	22	23	362	340	0	0.0	0.0	groel
P03813	230.0	2	False	1	1	1	2	222	221	223	230.0	8.0	groel
P03886	318.0	2	False	0	0	0	1	57	57	58	318.0	261.0	mito
P03891	347.0	1	True	1	3	3	4	345	342	346	347.0	2.0	mito
P03897	115.0	1	True	0	0	0	1	115	115	0	0.0	0.0	mito
P03901	98.0	1	True	0	0	0	1	98	98	0	0.0	0.0	mito
P03905	459.0	2	False	0	0	0	1	236	236	237	459.0	223.0	mito
P03915	603.0	3	False	0	0	0	1	491	491	492	603.0	112.0	mito
P03923	174.0	2	False	1	3	3	4	109	106	110	174.0	65.0	mito
P03928	68.0	1	True	1	6	6	7	63	57	64	68.0	5.0	mito
P04040	527.0	1	True	1	23	23	24	502	479	503	527.0	25.0	mito
P04179	222.0	2	False	1	42	42	43	106	64	107	222.0	116.0	hsp60,matrix,mito
P04181	439.0	2	False	1	46	46	47	427	381	428	439.0	12.0	hsp60,matrix,mito
P05020	348.0	1	True	1	4	4	5	348	344	0	0.0	0.0	groel
P05055	711.0	4	False	1	1	1	2	234	233	235	711.0	477.0	groel
P05091	517.0	2	False	1	50	50	51	508	458	509	517.0	9.0	hsp60,matrix,mito
P05108	521.0	1	True	1	41	41	42	521	480	0	0.0	0.0	mito
P05141	298.0	1	True	1	2	2	3	298	296	0	0.0	0.0	hsp60,mito
P05165	728.0	5	False	1	59	59	60	192	133	193	728.0	536.0	matrix,mito
P05166	539.0	2	False	1	24	24	25	286	262	287	539.0	253.0	hsp60,matrix,mito
P05496	136.0	1	True	1	62	62	63	134	72	135	136.0	2.0	mito
P06576	529.0	3	False	1	46	46	47	131	85	132	529.0	398.0	hsp60,mito
P06746	335.0	4	False	0	0	0	1	91	91	92	335.0	244.0	matrix,mito
P06959	630.0	5	False	0	0	0	1	78	78	79	630.0	552.0	groel
P06987	355.0	3	False	0	0	0	1	162	162	163	355.0	193.0	groel
P06996	367.0	1	True	1	21	21	22	367	346	0	0.0	0.0	groel
P07108	87.0	1	True	0	0	0	1	87	87	0	0.0	0.0	mito
P07148	127.0	1	True	0	0	0	1	127	127	0	0.0	0.0	mito
P07195	334.0	2	False	1	1	1	2	163	162	164	334.0	171.0	mito
P07203	203.0	1	True	1	5	5	6	201	196	202	203.0	2.0	matrix,mito
P07237	508.0	4	False	1	12	12	13	131	119	132	508.0	377.0	hsp60
P07650	440.0	3	False	1	5	5	6	194	189	195	440.0	246.0	groel
P07919	91.0	1	True	1	15	15	16	91	76	0	0.0	0.0	mito
P07954	510.0	3	False	1	50	50	51	185	135	186	510.0	325.0	hsp60,matrix,mito
P08202	500.0	1	True	0	0	0	1	175	175	176	500.0	325.0	groel
P08203	231.0	1	True	0	0	0	1	231	231	0	0.0	0.0	groel
P08244	245.0	1	True	0	0	0	1	245	245	0	0.0	0.0	groel
P08559	390.0	1	True	1	19	19	20	390	371	0	0.0	0.0	hsp60,matrix,mito
P08574	325.0	2	False	1	84	84	85	280	196	281	325.0	45.0	hsp60,mito
P08622	376.0	4	False	0	0	0	1	112	112	113	376.0	264.0	groel
P09001	348.0	2	False	1	60	60	61	163	103	164	348.0	185.0	hsp60,matrix,mito
P09053	417.0	1	True	0	0	0	1	415	415	416	417.0	2.0	groel
P09110	424.0	1	True	1	32	32	33	424	392	0	0.0	0.0	mito
P09372	197.0	2	False	1	33	33	34	137	104	138	197.0	60.0	groel
P09417	244.0	1	True	1	4	4	5	244	240	0	0.0	0.0	matrix,mito
P09622	509.0	3	False	1	42	42	43	371	329	372	509.0	138.0	hsp60,matrix,mito
P09669	75.0	1	True	1	2	2	3	75	73	0	0.0	0.0	mito
P0A6A3	400.0	2	False	1	2	2	3	198	196	199	400.0	202.0	groel
P0A6B7	404.0	2	False	1	4	4	5	368	364	369	404.0	36.0	groel
P0A6C1	285.0	1	True	0	0	0	1	285	285	0	0.0	0.0	groel
P0A6D7	173.0	1	True	0	0	0	1	173	173	0	0.0	0.0	groel
P0A6J5	432.0	3	False	1	2	2	3	62	60	63	432.0	370.0	groel
P0A6L0	259.0	1	True	0	0	0	1	259	259	0	0.0	0.0	groel
P0A6L2	292.0	1	True	0	0	0	1	292	292	0	0.0	0.0	groel
P0A6L4	297.0	1	True	1	2	2	3	297	295	0	0.0	0.0	groel
P0A6M8	704.0	5	False	0	0	0	1	298	298	299	704.0	406.0	groel
P0A6P1	283.0	4	False	0	0	0	1	55	55	56	283.0	228.0	groel
P0A6P7	210.0	1	True	0	0	0	1	210	210	0	0.0	0.0	groel
P0A6P9	432.0	2	False	0	0	0	1	127	127	128	432.0	305.0	groel
P0A6Q3	172.0	1	True	0	0	0	1	172	172	0	0.0	0.0	groel
P0A6T5	222.0	2	False	1	1	1	2	86	85	87	222.0	136.0	groel
P0A6U3	629.0	4	False	1	1	1	2	234	233	235	629.0	395.0	groel
P0A6W5	158.0	2	False	0	0	0	1	75	75	76	158.0	83.0	groel
P0A6Y5	292.0	3	False	0	0	0	1	176	176	177	292.0	116.0	groel
P0A6Y8	638.0	5	False	1	4	4	5	379	375	380	638.0	259.0	groel
P0A6Z6	133.0	2	False	0	0	0	1	47	47	48	133.0	86.0	groel
P0A705	890.0	5	False	1	1	1	2	50	49	51	890.0	840.0	groel
P0A707	180.0	2	False	1	9	9	10	83	74	84	180.0	97.0	groel
P0A715	284.0	1	True	0	0	0	1	283	283	284	284.0	1.0	groel
P0A717	315.0	2	False	1	6	6	7	305	299	306	315.0	10.0	groel
P0A722	262.0	2	False	0	0	0	1	196	196	197	262.0	66.0	groel
P0A738	161.0	1	True	0	0	0	1	161	161	0	0.0	0.0	groel
P0A776	176.0	1	True	0	0	0	1	160	160	161	176.0	16.0	groel
P0A799	387.0	2	False	1	7	7	8	381	374	382	387.0	6.0	groel
P0A7A9	176.0	1	True	0	0	0	1	176	176	0	0.0	0.0	groel
P0A7D1	194.0	1	True	0	0	0	1	194	194	0	0.0	0.0	groel
P0A7D4	432.0	3	False	1	5	5	6	259	254	260	432.0	173.0	groel
P0A7X6	182.0	2	False	1	3	3	4	100	97	101	182.0	82.0	groel
P0A7Z4	329.0	3	False	1	14	14	15	220	206	221	329.0	109.0	groel
P0A805	185.0	2	False	1	11	11	12	182	171	183	185.0	3.0	groel
P0A817	384.0	3	False	1	4	4	5	233	229	234	384.0	151.0	groel
P0A825	417.0	2	False	1	10	10	11	416	406	417	417.0	1.0	groel
P0A832	160.0	1	True	1	6	6	7	135	129	136	160.0	25.0	groel
P0A850	432.0	3	False	0	0	0	1	115	115	116	432.0	317.0	groel
P0A853	471.0	2	False	1	8	8	9	467	459	468	471.0	4.0	groel
P0A862	168.0	1	True	0	0	0	1	168	168	0	0.0	0.0	groel
P0A873	255.0	2	False	0	0	0	1	165	165	166	255.0	90.0	groel
P0A894	284.0	1	True	1	1	1	2	163	162	164	284.0	121.0	groel
P0A8E1	180.0	1	True	0	0	0	1	179	179	180	180.0	1.0	groel
P0A8G3	470.0	2	False	1	6	6	7	458	452	459	470.0	12.0	groel
P0A8I5	239.0	1	True	1	29	29	30	239	210	0	0.0	0.0	groel
P0A8J8	421.0	2	False	1	1	1	2	217	216	218	421.0	204.0	groel
P0A8M0	466.0	2	False	1	4	4	5	105	101	106	466.0	361.0	groel
P0A8M3	642.0	5	False	0	0	0	1	64	64	65	642.0	578.0	groel
P0A8S1	297.0	2	False	1	1	1	2	77	76	78	297.0	220.0	groel
P0A8T7	1407.0	10	False	1	6	6	7	128	122	129	1407.0	1279.0	groel
P0A8U2	266.0	1	True	1	41	41	42	261	220	262	266.0	5.0	groel
P0A8V2	1342.0	9	False	1	17	17	18	174	157	175	1342.0	1168.0	groel
P0A8W8	164.0	2	False	0	0	0	1	50	50	51	164.0	114.0	groel
P0A8Y3	199.0	2	False	1	3	3	4	182	179	183	199.0	17.0	groel
P0A910	346.0	2	False	1	21	21	22	192	171	193	346.0	154.0	groel
P0A948	194.0	1	True	1	9	9	10	192	183	193	194.0	2.0	groel
P0A953	406.0	2	False	1	5	5	6	259	254	260	406.0	147.0	groel
P0A959	405.0	2	False	1	20	20	21	398	378	399	405.0	7.0	groel
P0A991	350.0	1	True	1	39	39	40	348	309	349	350.0	2.0	groel
P0A9B2	331.0	2	False	1	2	2	3	326	324	327	331.0	5.0	groel
P0A9D4	273.0	2	False	0	0	0	1	142	142	143	273.0	131.0	groel
P0A9E0	292.0	3	False	1	6	6	7	170	164	171	292.0	122.0	groel
P0A9F3	324.0	3	False	0	0	0	1	87	87	88	324.0	237.0	groel
P0A9H1	168.0	1	True	0	0	0	1	168	168	0	0.0	0.0	groel
P0A9J8	386.0	4	False	0	0	0	1	107	107	108	386.0	279.0	groel
P0A9K3	346.0	1	True	1	114	114	115	321	207	322	346.0	25.0	groel
P0A9L5	93.0	1	True	1	1	1	2	93	92	0	0.0	0.0	groel
P0A9M0	784.0	6	False	0	0	0	1	118	118	119	784.0	666.0	groel
P0A9N4	246.0	1	True	1	1	1	2	246	245	0	0.0	0.0	groel
P0A9P0	474.0	3	False	1	8	8	9	333	325	334	474.0	141.0	groel
P0A9P6	629.0	3	False	1	1	1	2	211	210	212	629.0	418.0	groel
P0A9Q7	891.0	4	False	1	9	9	10	445	436	446	891.0	446.0	groel
P0A9Q9	367.0	2	False	1	3	3	4	356	353	357	367.0	11.0	groel
P0A9R7	222.0	1	True	0	0	0	1	220	220	221	222.0	2.0	groel
P0A9S3	346.0	2	False	1	19	19	20	329	310	330	346.0	17.0	groel
P0A9T0	410.0	3	False	1	13	13	14	313	300	314	410.0	97.0	groel
P0A9T4	346.0	1	True	0	0	0	1	346	346	0	0.0	0.0	groel
P0A9X4	347.0	3	False	1	7	7	8	161	154	162	347.0	186.0	groel
P0AA16	239.0	3	False	1	2	2	3	84	82	85	239.0	155.0	groel
P0AA39	319.0	2	False	1	8	8	9	73	65	74	319.0	246.0	groel
P0AAG8	506.0	2	False	1	1	1	2	253	252	254	506.0	253.0	groel
P0AAH0	257.0	1	True	1	2	2	3	254	252	255	257.0	3.0	groel
P0AAI5	413.0	1	True	0	0	0	1	413	413	0	0.0	0.0	groel
P0AAR3	159.0	1	True	0	0	0	1	159	159	0	0.0	0.0	groel
P0AAZ4	447.0	4	False	0	0	0	1	164	164	165	447.0	283.0	groel
P0AB71	359.0	1	True	1	1	1	2	359	358	0	0.0	0.0	groel
P0ABD5	319.0	1	True	1	3	3	4	319	316	0	0.0	0.0	groel
P0ABF1	465.0	2	False	1	27	27	28	190	163	191	465.0	275.0	groel
P0ABH7	427.0	3	False	1	1	1	2	50	49	51	427.0	377.0	groel
P0ABP8	239.0	1	True	0	0	0	1	235	235	236	239.0	4.0	groel
P0ABT2	167.0	1	True	1	1	1	2	167	166	0	0.0	0.0	groel
P0ABT5	321.0	2	False	1	5	5	6	247	242	248	321.0	74.0	groel
P0AC41	588.0	4	False	1	8	8	9	416	408	417	588.0	172.0	groel
P0AC59	215.0	2	False	1	7	7	8	85	78	86	215.0	130.0	groel
P0AC69	115.0	1	True	1	6	6	7	110	104	111	115.0	5.0	groel
P0ACB2	324.0	1	True	1	1	1	2	324	323	0	0.0	0.0	groel
P0ACB4	181.0	1	True	1	1	1	2	174	173	175	181.0	7.0	groel
P0ACI0	289.0	3	False	1	2	2	3	55	53	56	289.0	234.0	groel
P0ACJ8	210.0	2	False	0	0	0	1	132	132	133	210.0	78.0	groel
P0ACK8	243.0	2	False	0	0	0	1	59	59	60	243.0	184.0	groel
P0ACL5	254.0	2	False	0	0	0	1	78	78	79	254.0	176.0	groel
P0ACQ4	305.0	3	False	0	0	0	1	84	84	85	305.0	221.0	groel
P0AD61	470.0	3	False	1	3	3	4	332	329	333	470.0	138.0	groel
P0ADG4	267.0	2	False	0	0	0	1	140	140	141	267.0	127.0	groel
P0AE08	187.0	1	True	0	0	0	1	185	185	186	187.0	2.0	groel
P0AE88	232.0	3	False	1	1	1	2	83	82	84	232.0	149.0	groel
P0AED5	218.0	1	True	1	1	1	2	210	209	211	218.0	8.0	groel
P0AEJ2	391.0	1	True	0	0	0	1	391	391	0	0.0	0.0	groel
P0AEJ6	453.0	3	False	0	0	0	1	54	54	55	453.0	399.0	groel
P0AEK2	244.0	1	True	0	0	0	1	244	244	0	0.0	0.0	groel
P0AES4	875.0	4	False	1	31	31	32	521	490	522	875.0	354.0	groel
P0AEU7	161.0	1	True	1	18	18	19	161	143	0	0.0	0.0	groel
P0AEZ1	296.0	1	True	0	0	0	1	295	295	296	296.0	1.0	groel
P0AEZ9	170.0	1	True	0	0	0	1	170	170	0	0.0	0.0	groel
P0AF48	138.0	1	True	0	0	0	1	138	138	0	0.0	0.0	groel
P0AFD1	166.0	2	False	1	12	12	13	82	70	83	166.0	84.0	groel
P0AFG0	181.0	2	False	0	0	0	1	117	117	118	181.0	64.0	groel
P0AFG3	933.0	4	False	1	83	83	84	166	83	167	933.0	767.0	groel
P0AFG6	405.0	3	False	1	1	1	2	81	80	82	405.0	324.0	groel
P0AFG8	887.0	3	False	1	56	56	57	471	415	472	887.0	416.0	groel
P0AFI2	752.0	4	False	1	28	28	29	478	450	479	752.0	274.0	groel
P0AFK0	450.0	1	True	0	0	0	1	236	236	237	450.0	214.0	groel
P0AFQ7	265.0	1	True	1	1	1	2	265	264	0	0.0	0.0	groel
P0AFR4	206.0	1	True	0	0	0	1	206	206	0	0.0	0.0	groel
P0AFX4	158.0	1	True	0	0	0	1	151	151	152	158.0	7.0	groel
P0AFY8	181.0	2	False	0	0	0	1	41	41	42	181.0	140.0	groel
P0AG24	702.0	4	False	1	1	1	2	190	189	191	702.0	512.0	groel
P0AG30	419.0	3	False	0	0	0	1	47	47	48	419.0	372.0	groel
P0AGG4	139.0	2	False	0	0	0	1	34	34	35	139.0	105.0	groel
P0AGG8	481.0	1	True	1	12	12	13	239	227	240	481.0	242.0	groel
P0AGJ2	229.0	1	True	0	0	0	1	204	204	205	229.0	25.0	groel
P0AGJ5	345.0	2	False	1	97	97	98	178	81	179	345.0	167.0	groel
P0AGK8	162.0	1	True	0	0	0	1	144	144	145	162.0	18.0	groel
P0C0K3	328.0	3	False	1	12	12	13	108	96	109	328.0	220.0	groel
P0C7M7	580.0	2	False	1	43	43	44	472	429	473	580.0	108.0	matrix,mito
P0C7P0	127.0	2	False	1	39	39	40	79	40	80	127.0	48.0	matrix,mito
P0C8J6	284.0	1	True	0	0	0	1	284	284	0	0.0	0.0	groel
P0C8J8	420.0	2	False	1	13	13	14	281	268	282	420.0	139.0	groel
P0CE49	326.0	2	False	1	6	6	7	121	115	122	326.0	205.0	groel
P0DJ07	73.0	1	True	0	0	0	1	72	72	73	73.0	1.0	mito
P0DKB6	136.0	1	True	0	0	0	1	106	106	107	136.0	30.0	mito
P0DPI2	268.0	1	True	1	40	40	41	268	228	0	0.0	0.0	hsp60
P0DTT0	607.0	5	False	0	0	0	1	198	198	199	607.0	409.0	groel
P10109	184.0	1	True	1	59	59	60	184	125	0	0.0	0.0	matrix,mito
P10176	69.0	1	True	1	25	25	26	68	43	69	69.0	1.0	mito
P10415	239.0	1	True	1	5	5	6	207	202	208	239.0	32.0	mito
P10515	647.0	4	False	1	86	86	87	192	106	193	647.0	455.0	hsp60,matrix,mito
P10606	129.0	1	True	1	31	31	32	129	98	0	0.0	0.0	mito
P10620	155.0	1	True	1	1	1	2	155	154	0	0.0	0.0	mito
P10809	573.0	3	False	1	29	29	30	547	518	548	573.0	26.0	matrix,mito
P11177	359.0	2	False	1	31	31	32	224	193	225	359.0	135.0	hsp60,matrix,mito
P11182	482.0	3	False	1	60	60	61	152	92	153	482.0	330.0	matrix,mito
P11310	421.0	3	False	1	25	25	26	155	130	156	421.0	266.0	matrix,mito
P11498	1178.0	4	False	1	26	26	27	490	464	491	1178.0	688.0	hsp60,matrix,mito
P12074	109.0	1	True	1	24	24	25	109	85	0	0.0	0.0	mito
P12235	298.0	1	True	1	2	2	3	298	296	0	0.0	0.0	mito
P12236	298.0	1	True	1	2	2	3	297	295	298	298.0	1.0	hsp60,mito
P12694	445.0	1	True	1	45	45	46	445	400	0	0.0	0.0	hsp60,mito
P12998	384.0	2	False	1	38	38	39	378	340	379	384.0	6.0	groel
P13033	419.0	1	True	0	0	0	1	122	122	123	419.0	297.0	groel
P13051	313.0	1	True	1	79	79	80	312	233	313	313.0	1.0	matrix,mito
P13073	169.0	1	True	1	22	22	23	169	147	0	0.0	0.0	hsp60,mito
P13196	640.0	2	False	1	259	259	260	492	233	493	640.0	148.0	matrix,mito
P13804	333.0	2	False	1	18	18	19	204	186	205	333.0	129.0	hsp60,matrix,mito
P13857	179.0	1	True	0	0	0	1	179	179	0	0.0	0.0	groel
P13995	350.0	2	False	1	39	39	40	308	269	309	350.0	42.0	hsp60,matrix,mito
P14324	419.0	1	True	1	65	65	66	416	351	417	419.0	3.0	mito
P14406	83.0	1	True	1	23	23	24	82	59	83	83.0	1.0	mito
P14735	1019.0	4	False	1	32	32	33	285	253	286	1019.0	734.0	matrix,mito
P14854	86.0	1	True	1	4	4	5	86	82	0	0.0	0.0	mito
P14927	111.0	1	True	1	1	1	2	111	110	0	0.0	0.0	mito
P15254	1295.0	6	False	1	152	152	153	213	61	214	1295.0	1082.0	groel
P15538	503.0	1	True	1	25	25	26	503	478	0	0.0	0.0	mito
P15954	63.0	1	True	1	16	16	17	63	47	0	0.0	0.0	mito
P16219	412.0	3	False	1	28	28	29	150	122	151	412.0	262.0	matrix,mito
P16260	332.0	1	True	1	29	29	30	331	302	332	332.0	1.0	mito
P17152	192.0	1	True	1	28	28	29	191	163	192	192.0	1.0	mito
P17315	663.0	2	False	1	24	24	25	157	133	158	663.0	506.0	groel
P17540	419.0	2	False	1	22	22	23	133	111	134	419.0	286.0	mito
P17568	137.0	1	True	1	1	1	2	124	123	125	137.0	13.0	mito
P17612	351.0	2	False	1	40	40	41	330	290	331	351.0	21.0	mito
P18859	108.0	1	True	1	38	38	39	101	63	102	108.0	7.0	mito
P19099	503.0	1	True	1	28	28	29	503	475	0	0.0	0.0	mito
P19404	249.0	2	False	1	52	52	53	126	74	127	249.0	123.0	hsp60,mito
P20674	150.0	1	True	1	41	41	42	150	109	0	0.0	0.0	mito
P21151	387.0	2	False	1	4	4	5	267	263	268	387.0	120.0	groel
P21165	443.0	2	False	0	0	0	1	159	159	160	443.0	284.0	groel
P21397	527.0	4	False	1	14	14	15	457	443	458	527.0	70.0	mito
P21499	813.0	3	False	1	66	66	67	147	81	148	813.0	666.0	groel
P21515	193.0	1	True	1	2	2	3	190	188	191	193.0	3.0	groel
P21549	392.0	2	False	1	19	19	20	381	362	382	392.0	11.0	matrix,mito
P21796	283.0	1	True	0	0	0	1	283	283	0	0.0	0.0	mito
P21912	280.0	2	False	1	28	28	29	142	114	143	280.0	138.0	hsp60,mito
P21953	392.0	2	False	1	66	66	67	259	193	260	392.0	133.0	hsp60,mito
P21964	271.0	1	True	1	50	50	51	270	220	271	271.0	1.0	mito
P22033	750.0	2	False	1	60	60	61	576	516	577	750.0	174.0	matrix,mito
P22234	425.0	3	False	1	12	12	13	91	79	92	425.0	334.0	matrix,mito
P22307	547.0	2	False	1	12	12	13	405	393	406	547.0	142.0	mito
P22333	333.0	1	True	1	1	1	2	333	332	0	0.0	0.0	groel
P22557	587.0	3	False	0	0	0	1	49	49	50	587.0	538.0	matrix,mito
P22570	491.0	2	False	1	40	40	41	487	447	488	491.0	4.0	hsp60,matrix,mito
P22695	453.0	2	False	1	14	14	15	249	235	250	453.0	204.0	hsp60,mito
P22830	423.0	2	False	1	67	67	68	392	325	393	423.0	31.0	hsp60,mito
P23003	366.0	2	False	1	14	14	15	362	348	363	366.0	4.0	groel
P23368	584.0	2	False	1	22	22	23	277	255	278	584.0	307.0	hsp60,matrix,mito
P23378	1020.0	4	False	1	132	132	133	484	352	485	1020.0	536.0	matrix,mito
P23434	173.0	1	True	1	30	30	31	169	139	170	173.0	4.0	matrix,mito
P23721	362.0	2	False	1	16	16	17	258	242	259	362.0	104.0	groel
P23786	658.0	4	False	1	32	32	33	132	100	133	658.0	526.0	hsp60,mito
P23836	223.0	3	False	0	0	0	1	80	80	81	223.0	143.0	groel
P23843	543.0	3	False	1	40	40	41	524	484	525	543.0	19.0	groel
P23869	164.0	1	True	0	0	0	1	164	164	0	0.0	0.0	groel
P23893	426.0	2	False	1	5	5	6	419	414	420	426.0	7.0	groel
P23908	383.0	2	False	1	29	29	30	363	334	364	383.0	20.0	groel
P23919	212.0	1	True	0	0	0	1	212	212	0	0.0	0.0	matrix,mito
P24182	449.0	3	False	0	0	0	1	135	135	136	449.0	314.0	groel
P24310	79.0	1	True	1	21	21	22	79	58	0	0.0	0.0	mito
P24311	80.0	1	True	1	24	24	25	80	56	0	0.0	0.0	mito
P24539	256.0	1	True	1	163	163	164	256	93	0	0.0	0.0	hsp60,mito
P24752	427.0	1	True	1	31	31	32	427	396	0	0.0	0.0	hsp60,matrix,mito
P25325	297.0	2	False	0	0	0	1	158	158	159	297.0	139.0	mito
P25397	197.0	1	True	0	0	0	1	197	197	0	0.0	0.0	groel
P25705	553.0	3	False	1	43	43	44	136	93	137	553.0	417.0	hsp60,mito
P25874	307.0	1	True	1	13	13	14	306	293	307	307.0	1.0	mito
P25888	454.0	2	False	0	0	0	1	211	211	212	454.0	243.0	groel
P26440	426.0	3	False	1	40	40	41	161	121	162	426.0	265.0	matrix,mito
P26602	165.0	1	True	1	1	1	2	165	164	0	0.0	0.0	groel
P27105	288.0	2	False	1	91	91	92	201	110	202	288.0	87.0	mito
P27144	223.0	1	True	1	3	3	4	223	220	0	0.0	0.0	hsp60,matrix,mito
P27249	890.0	1	True	1	456	456	457	599	143	600	890.0	291.0	groel
P27294	216.0	2	False	0	0	0	1	105	105	106	216.0	111.0	groel
P27305	308.0	1	True	1	6	6	7	302	296	303	308.0	6.0	groel
P27306	466.0	3	False	1	6	6	7	333	327	334	466.0	133.0	groel
P27338	520.0	4	False	1	5	5	6	448	443	449	520.0	72.0	mito
P27695	318.0	1	True	1	42	42	43	317	275	318	318.0	1.0	matrix,mito
P28288	659.0	2	False	1	44	44	45	397	353	398	659.0	262.0	mito
P28330	430.0	3	False	1	31	31	32	166	135	167	430.0	264.0	mito
P28331	727.0	4	False	1	30	30	31	153	123	154	727.0	574.0	hsp60,mito
P28838	519.0	2	False	1	32	32	33	197	165	198	519.0	322.0	hsp60,matrix,mito
P29012	356.0	2	False	1	11	11	12	210	199	211	356.0	146.0	groel
P29368	286.0	2	False	1	20	20	21	269	249	270	286.0	17.0	groel
P29680	354.0	1	True	0	0	0	1	354	354	0	0.0	0.0	groel
P29803	388.0	1	True	1	14	14	15	388	374	0	0.0	0.0	matrix,mito
P30038	563.0	2	False	1	34	34	35	549	515	550	563.0	14.0	matrix,mito
P30041	224.0	2	False	1	1	1	2	155	154	156	224.0	69.0	mito
P30044	214.0	1	True	1	43	43	44	214	171	0	0.0	0.0	matrix,mito
P30048	256.0	1	True	1	56	56	57	256	200	0	0.0	0.0	hsp60,matrix,mito
P30049	168.0	2	False	1	22	22	23	125	103	126	168.0	43.0	hsp60,mito
P30084	290.0	2	False	1	30	30	31	232	202	233	290.0	58.0	hsp60,matrix,mito
P30137	211.0	1	True	1	9	9	10	206	197	207	211.0	5.0	groel
P30139	256.0	1	True	0	0	0	1	255	255	256	256.0	1.0	groel
P30140	377.0	1	True	1	9	9	10	369	360	370	377.0	8.0	groel
P30177	320.0	2	False	0	0	0	1	72	72	73	320.0	248.0	groel
P30405	207.0	1	True	1	35	35	36	207	172	0	0.0	0.0	hsp60,matrix,mito
P30536	169.0	1	True	1	1	1	2	160	159	161	169.0	9.0	mito
P30745	329.0	1	True	0	0	0	1	329	329	0	0.0	0.0	groel
P30837	517.0	2	False	1	50	50	51	508	458	509	517.0	9.0	hsp60,matrix,mito
P31040	664.0	4	False	1	62	62	63	468	406	469	664.0	196.0	hsp60,mito
P31057	264.0	1	True	0	0	0	1	263	263	264	264.0	1.0	groel
P31327	1500.0	9	False	1	42	42	43	197	155	198	1500.0	1303.0	matrix,mito
P31666	409.0	1	True	1	160	160	161	404	244	405	409.0	5.0	groel
P31930	480.0	2	False	1	27	27	28	252	225	253	480.0	228.0	hsp60,mito
P31937	336.0	2	False	1	34	34	35	201	167	202	336.0	135.0	matrix,mito
P31979	445.0	4	False	1	4	4	5	58	54	59	445.0	387.0	groel
P32119	198.0	1	True	1	1	1	2	198	197	0	0.0	0.0	mito
P32322	319.0	2	False	0	0	0	1	166	166	167	319.0	153.0	matrix,mito
P32677	283.0	2	False	1	166	166	167	218	52	219	283.0	65.0	groel
P32695	345.0	2	False	1	24	24	25	266	242	267	345.0	79.0	groel
P33121	698.0	1	True	1	83	83	84	555	472	556	698.0	143.0	mito
P33232	396.0	1	True	1	2	2	3	380	378	381	396.0	16.0	groel
P33316	252.0	1	True	1	104	104	105	251	147	252	252.0	1.0	matrix,mito
P33371	315.0	2	False	0	0	0	1	242	242	243	315.0	73.0	groel
P33599	596.0	2	False	1	4	4	5	153	149	154	596.0	443.0	groel
P33667	364.0	1	True	1	4	4	5	134	130	135	364.0	230.0	groel
P33897	745.0	1	True	1	462	462	463	710	248	711	745.0	35.0	mito
P34897	504.0	2	False	1	52	52	53	499	447	500	504.0	5.0	hsp60,matrix,mito
P34913	555.0	3	False	1	4	4	5	214	210	215	555.0	341.0	mito
P35218	305.0	1	True	1	33	33	34	304	271	305	305.0	1.0	matrix,mito
P35232	272.0	1	True	1	54	54	55	189	135	190	272.0	83.0	hsp60,mito
P35270	261.0	1	True	1	5	5	6	261	256	0	0.0	0.0	mito
P35914	325.0	1	True	1	25	25	26	324	299	325	325.0	1.0	matrix,mito
P36404	184.0	1	True	1	3	3	4	183	180	184	184.0	1.0	hsp60,mito
P36542	298.0	2	False	1	28	28	29	294	266	295	298.0	4.0	hsp60,mito
P36548	289.0	1	True	1	44	44	45	278	234	279	289.0	11.0	groel
P36551	454.0	1	True	1	109	109	110	454	345	0	0.0	0.0	hsp60,mito
P36776	959.0	6	False	1	118	118	119	229	111	230	959.0	730.0	hsp60,matrix,mito
P36928	450.0	3	False	0	0	0	1	228	228	229	450.0	222.0	groel
P36957	453.0	2	False	1	66	66	67	168	102	169	453.0	285.0	hsp60,matrix,mito
P36969	197.0	1	True	1	26	26	27	197	171	0	0.0	0.0	mito
P37326	385.0	3	False	0	0	0	1	84	84	85	385.0	301.0	groel
P37339	422.0	2	False	1	2	2	3	386	384	387	422.0	36.0	groel
P37685	512.0	2	False	1	30	30	31	498	468	499	512.0	14.0	groel
P37745	185.0	1	True	0	0	0	1	184	184	185	185.0	1.0	groel
P37765	291.0	2	False	0	0	0	1	61	61	62	291.0	230.0	groel
P38104	404.0	2	False	1	7	7	8	400	393	401	404.0	4.0	groel
P38117	255.0	1	True	0	0	0	1	255	255	0	0.0	0.0	hsp60,matrix,mito
P38646	679.0	6	False	1	55	55	56	423	368	424	679.0	256.0	matrix,mito
P39177	142.0	1	True	0	0	0	1	142	142	0	0.0	0.0	groel
P39210	176.0	1	True	0	0	0	1	174	174	175	176.0	2.0	mito
P39406	343.0	2	False	0	0	0	1	158	158	159	343.0	185.0	groel
P39407	357.0	2	False	1	16	16	17	111	95	112	357.0	246.0	groel
P39408	259.0	1	True	0	0	0	1	259	259	0	0.0	0.0	groel
P40305	122.0	1	True	1	30	30	31	114	84	115	122.0	8.0	mito
P40926	338.0	2	False	1	22	22	23	169	147	170	338.0	169.0	hsp60,matrix,mito
P40939	763.0	3	False	1	38	38	39	359	321	360	763.0	404.0	hsp60,mito
P41250	739.0	5	False	1	65	65	66	110	45	111	739.0	629.0	matrix,mito
P42126	302.0	2	False	1	41	41	42	246	205	247	302.0	56.0	hsp60,matrix,mito
P42574	277.0	1	True	1	28	28	29	277	249	0	0.0	0.0	mito
P42596	378.0	2	False	1	7	7	8	182	175	183	378.0	196.0	groel
P42704	1394.0	4	False	1	135	135	136	330	195	331	1394.0	1064.0	hsp60,matrix,mito
P42765	397.0	2	False	1	6	6	7	279	273	280	397.0	118.0	hsp60,matrix,mito
P43155	626.0	2	False	1	34	34	35	615	581	616	626.0	11.0	mito
P43304	727.0	4	False	1	67	67	68	442	375	443	727.0	285.0	mito
P43329	1300.0	3	False	1	27	27	28	252	225	253	1300.0	1048.0	groel
P43897	325.0	3	False	1	42	42	43	102	60	103	325.0	223.0	hsp60,matrix,mito
P45577	232.0	1	True	0	0	0	1	119	119	120	232.0	113.0	groel
P45578	171.0	1	True	0	0	0	1	171	171	0	0.0	0.0	groel
P45880	294.0	1	True	1	1	1	2	294	293	0	0.0	0.0	mito
P45954	432.0	3	False	1	50	50	51	171	121	172	432.0	261.0	matrix,mito
P46199	727.0	4	False	1	175	175	176	350	175	351	727.0	377.0	matrix,mito
P47985	274.0	3	False	0	0	0	1	78	78	79	274.0	196.0	hsp60,mito
P48047	213.0	1	True	1	35	35	36	129	94	130	213.0	84.0	hsp60,mito
P48201	142.0	1	True	1	68	68	69	140	72	141	142.0	2.0	mito
P48728	403.0	4	False	1	33	33	34	268	235	269	403.0	135.0	matrix,mito
P48735	452.0	1	True	1	40	40	41	451	411	452	452.0	1.0	hsp60,matrix,mito
P49189	494.0	2	False	1	29	29	30	483	454	484	494.0	11.0	hsp60,matrix,mito
P49247	311.0	2	False	1	81	81	82	301	220	302	311.0	10.0	matrix,mito
P49327	2511.0	10	False	0	0	0	1	406	406	407	2511.0	2105.0	mito
P49406	292.0	1	True	1	83	83	84	205	122	206	292.0	87.0	hsp60,matrix,mito
P49411	455.0	3	False	1	57	57	58	253	196	254	455.0	202.0	hsp60,matrix,mito
P49419	539.0	2	False	1	62	62	63	517	455	518	539.0	22.0	hsp60,matrix,mito
P49448	558.0	3	False	1	53	53	54	113	60	114	558.0	445.0	matrix,mito
P49590	506.0	2	False	1	44	44	45	405	361	406	506.0	101.0	hsp60,matrix,mito
P49675	285.0	1	True	1	64	64	65	284	220	285	285.0	1.0	mito
P49748	655.0	4	False	1	90	90	91	211	121	212	655.0	444.0	hsp60,mito
P49753	483.0	2	False	1	45	45	46	192	147	193	483.0	291.0	matrix,mito
P49773	126.0	1	True	0	0	0	1	126	126	0	0.0	0.0	mito
P49789	147.0	1	True	0	0	0	1	147	147	0	0.0	0.0	matrix,mito
P49821	464.0	3	False	1	84	84	85	264	180	265	464.0	200.0	hsp60,mito
P49914	203.0	1	True	0	0	0	1	203	203	0	0.0	0.0	matrix,mito
P49916	1009.0	6	False	1	90	90	91	186	96	187	1009.0	823.0	matrix,mito
P50213	366.0	1	True	1	27	27	28	366	339	0	0.0	0.0	hsp60,matrix,mito
P50336	477.0	1	True	0	0	0	1	477	477	0	0.0	0.0	hsp60,mito
P50416	773.0	3	False	0	0	0	1	49	49	50	773.0	724.0	mito
P50440	423.0	1	True	1	63	63	64	423	360	0	0.0	0.0	matrix,mito
P50583	147.0	1	True	0	0	0	1	146	146	147	147.0	1.0	matrix,mito
P51398	398.0	3	False	1	55	55	56	344	289	345	398.0	54.0	hsp60,matrix,mito
P51530	1060.0	3	False	1	124	124	125	403	279	404	1060.0	657.0	matrix,mito
P51553	393.0	1	True	1	39	39	40	393	354	0	0.0	0.0	hsp60,matrix,mito
P51648	485.0	2	False	1	8	8	9	423	415	424	485.0	62.0	mito
P51649	535.0	2	False	1	73	73	74	524	451	525	535.0	11.0	hsp60,matrix,mito
P51659	736.0	5	False	1	1	1	2	249	248	250	736.0	487.0	mito
P51687	545.0	3	False	1	79	79	80	166	87	167	545.0	379.0	mito
P51970	172.0	1	True	1	21	21	22	126	105	127	172.0	46.0	hsp60,mito
P52758	137.0	1	True	1	1	1	2	137	136	0	0.0	0.0	matrix,mito
P52815	198.0	2	False	1	62	62	63	120	58	121	198.0	78.0	matrix,mito
P53007	311.0	1	True	1	26	26	27	310	284	311	311.0	1.0	mito
P53370	316.0	3	False	1	42	42	43	134	92	135	316.0	182.0	matrix,mito
P53396	1101.0	5	False	0	0	0	1	236	236	237	1101.0	865.0	matrix,mito
P53597	346.0	2	False	1	43	43	44	168	125	169	346.0	178.0	hsp60,matrix,mito
P53701	268.0	1	True	1	54	54	55	267	213	268	268.0	1.0	mito
P54098	1239.0	5	False	1	133	133	134	340	207	341	1239.0	899.0	hsp60,matrix,mito
P54819	239.0	1	True	0	0	0	1	239	239	0	0.0	0.0	hsp60,mito
P54868	508.0	1	True	1	48	48	49	508	460	0	0.0	0.0	matrix,mito
P54886	795.0	3	False	1	59	59	60	358	299	359	795.0	437.0	hsp60,matrix,mito
P55084	474.0	1	True	1	43	43	44	471	428	472	474.0	3.0	hsp60,mito
P55211	416.0	2	False	0	0	0	1	105	105	106	416.0	311.0	mito
P55789	205.0	1	True	1	80	80	81	205	125	0	0.0	0.0	mito
P55809	520.0	2	False	1	39	39	40	272	233	273	520.0	248.0	matrix,mito
P55851	309.0	1	True	1	12	12	13	307	295	308	309.0	2.0	mito
P55916	312.0	1	True	1	12	12	13	310	298	311	312.0	2.0	mito
P55957	195.0	1	True	0	0	0	1	195	195	0	0.0	0.0	mito
P56134	94.0	1	True	1	12	12	13	90	78	91	94.0	4.0	mito
P56181	108.0	1	True	0	0	0	1	108	108	0	0.0	0.0	mito
P56277	68.0	1	True	0	0	0	1	68	68	0	0.0	0.0	mito
P56378	58.0	1	True	0	0	0	1	58	58	0	0.0	0.0	mito
P56381	51.0	1	True	1	1	1	2	51	50	0	0.0	0.0	mito
P56385	69.0	1	True	0	0	0	1	69	69	0	0.0	0.0	mito
P56556	128.0	1	True	1	24	24	25	107	83	108	128.0	21.0	hsp60,mito
P56962	302.0	1	True	1	157	157	158	228	71	229	302.0	74.0	mito
P57105	145.0	1	True	0	0	0	1	112	112	113	145.0	33.0	mito
P58557	167.0	1	True	1	8	8	9	157	149	158	167.0	10.0	matrix,mito
P59942	119.0	1	True	1	4	4	5	117	113	118	119.0	2.0	mito
P60602	79.0	1	True	1	14	14	15	78	64	79	79.0	1.0	mito
P60716	321.0	1	True	1	81	81	82	298	217	299	321.0	23.0	groel
P61517	220.0	1	True	0	0	0	1	220	220	0	0.0	0.0	groel
P61604	102.0	1	True	0	0	0	1	102	102	0	0.0	0.0	matrix,mito
P62072	90.0	1	True	0	0	0	1	90	90	0	0.0	0.0	mito
P62244	130.0	2	False	0	0	0	1	69	69	70	130.0	61.0	hsp60
P62269	152.0	2	False	0	0	0	1	80	80	81	152.0	72.0	hsp60
P62593	286.0	1	True	1	24	24	25	286	262	0	0.0	0.0	groel
P62707	250.0	1	True	1	1	1	2	250	249	0	0.0	0.0	groel
P63020	191.0	2	False	0	0	0	1	98	98	99	191.0	93.0	groel
P64530	90.0	1	True	0	0	0	1	90	90	0	0.0	0.0	groel
P64588	207.0	1	True	1	51	51	52	154	103	155	207.0	53.0	groel
P68767	503.0	2	False	0	0	0	1	180	180	181	503.0	323.0	groel
P69408	216.0	2	False	0	0	0	1	147	147	148	216.0	69.0	groel
P69776	78.0	1	True	1	21	21	22	77	56	78	78.0	1.0	groel
P69783	169.0	1	True	1	8	8	9	169	161	0	0.0	0.0	groel
P69908	466.0	3	False	0	0	0	1	65	65	66	466.0	401.0	groel
P75736	254.0	1	True	0	0	0	1	253	253	254	254.0	1.0	groel
P75821	337.0	1	True	0	0	0	1	335	335	336	337.0	2.0	groel
P75823	333.0	2	False	0	0	0	1	244	244	245	333.0	89.0	groel
P75849	215.0	1	True	0	0	0	1	210	210	211	215.0	5.0	groel
P75864	702.0	4	False	1	5	5	6	246	241	247	702.0	456.0	groel
P75949	341.0	1	True	0	0	0	1	341	341	0	0.0	0.0	groel
P76071	326.0	2	False	1	6	6	7	121	115	122	326.0	205.0	groel
P76085	437.0	2	False	0	0	0	1	327	327	328	437.0	110.0	groel
P76104	653.0	4	False	1	6	6	7	297	291	298	653.0	356.0	groel
P76116	353.0	1	True	1	30	30	31	353	323	0	0.0	0.0	groel
P76143	291.0	1	True	0	0	0	1	291	291	0	0.0	0.0	groel
P76187	298.0	1	True	0	0	0	1	298	298	0	0.0	0.0	groel
P76250	307.0	2	False	1	5	5	6	90	85	91	307.0	217.0	groel
P76344	216.0	1	True	1	23	23	24	216	193	0	0.0	0.0	groel
P76550	269.0	1	True	1	21	21	22	82	61	83	269.0	187.0	groel
P77333	299.0	2	False	1	4	4	5	91	87	92	299.0	208.0	groel
P77395	284.0	3	False	0	0	0	1	112	112	113	284.0	172.0	groel
P77444	406.0	2	False	1	9	9	10	396	387	397	406.0	10.0	groel
P77475	188.0	2	False	1	7	7	8	183	176	184	188.0	5.0	groel
P77581	406.0	2	False	1	26	26	27	389	363	390	406.0	17.0	groel
P77730	468.0	3	False	1	1	1	2	97	96	98	468.0	371.0	groel
P77735	324.0	1	True	0	0	0	1	322	322	323	324.0	2.0	groel
P77739	286.0	2	False	0	0	0	1	92	92	93	286.0	194.0	groel
P78537	153.0	1	True	0	0	0	1	153	153	0	0.0	0.0	mito
P78540	354.0	1	True	1	20	20	21	341	321	342	354.0	13.0	matrix,mito
P78549	304.0	2	False	1	111	111	112	220	109	221	304.0	84.0	mito
P80404	500.0	2	False	1	47	47	48	489	442	490	500.0	11.0	matrix,mito
P82650	360.0	3	False	1	72	72	73	126	54	127	360.0	234.0	hsp60,matrix,mito
P82663	173.0	1	True	1	8	8	9	127	119	128	173.0	46.0	hsp60,matrix,mito
P82664	201.0	1	True	1	73	73	74	176	103	177	201.0	25.0	matrix,mito
P82673	323.0	3	False	1	55	55	56	129	74	130	323.0	194.0	hsp60,matrix,mito
P82675	430.0	2	False	1	211	211	212	279	68	280	430.0	151.0	hsp60,matrix,mito
P82909	103.0	1	True	1	35	35	36	99	64	100	103.0	4.0	hsp60,matrix,mito
P82912	194.0	1	True	1	58	58	59	194	136	0	0.0	0.0	matrix,mito
P82914	257.0	1	True	1	97	97	98	188	91	189	257.0	69.0	hsp60,matrix,mito
P82921	87.0	1	True	1	23	23	24	59	36	60	87.0	28.0	matrix,mito
P82930	218.0	2	False	1	30	30	31	152	122	153	218.0	66.0	hsp60,matrix,mito
P82932	125.0	1	True	0	0	0	1	124	124	125	125.0	1.0	hsp60,matrix,mito
P82933	396.0	1	True	1	261	261	262	396	135	0	0.0	0.0	hsp60,matrix,mito
P83111	547.0	2	False	1	111	111	112	257	146	258	547.0	290.0	mito
P84085	180.0	1	True	1	6	6	7	180	174	0	0.0	0.0	mito
P86397	168.0	1	True	1	21	21	22	168	147	0	0.0	0.0	matrix,mito
P99999	105.0	1	True	0	0	0	1	105	105	0	0.0	0.0	mito
Q00059	246.0	2	False	1	42	42	43	151	109	152	246.0	95.0	matrix,mito
Q00325	362.0	1	True	1	65	65	66	340	275	341	362.0	22.0	mito
Q02127	395.0	1	True	1	31	31	32	395	364	0	0.0	0.0	mito
Q02218	1023.0	4	False	1	119	119	120	216	97	217	1023.0	807.0	hsp60,matrix,mito
Q02221	97.0	1	True	1	12	12	13	97	85	0	0.0	0.0	mito
Q02252	535.0	2	False	1	43	43	44	493	450	494	535.0	42.0	mito
Q02318	531.0	1	True	1	49	49	50	530	481	531	531.0	1.0	mito
Q02338	343.0	1	True	1	54	54	55	330	276	331	343.0	13.0	mito
Q02978	314.0	1	True	1	20	20	21	310	290	311	314.0	4.0	mito
Q04837	148.0	1	True	1	16	16	17	148	132	0	0.0	0.0	hsp60,matrix,mito
Q05932	587.0	2	False	1	38	38	39	326	288	327	587.0	261.0	matrix,mito
Q06055	141.0	1	True	1	67	67	68	139	72	140	141.0	2.0	mito
Q07021	282.0	1	True	1	73	73	74	282	209	0	0.0	0.0	hsp60,matrix,mito
Q07812	192.0	1	True	0	0	0	1	167	167	168	192.0	25.0	mito
Q07817	233.0	1	True	0	0	0	1	209	209	210	233.0	24.0	mito
Q07820	350.0	1	True	1	169	169	170	319	150	320	350.0	31.0	mito
Q07973	514.0	1	True	1	51	51	52	514	463	0	0.0	0.0	mito
Q08257	329.0	2	False	1	14	14	15	325	311	326	329.0	4.0	matrix,mito
Q08426	723.0	3	False	0	0	0	1	280	280	281	723.0	443.0	mito
Q08AE8	756.0	1	True	1	33	33	34	236	203	237	756.0	520.0	mito
Q08AH1	577.0	2	False	1	38	38	39	469	431	470	577.0	108.0	matrix,mito
Q08AH3	577.0	2	False	1	33	33	34	465	432	466	577.0	112.0	matrix,mito
Q08J23	767.0	1	True	1	39	39	40	429	390	430	767.0	338.0	matrix,mito
Q09013	629.0	3	False	1	18	18	19	369	351	370	629.0	260.0	mito
Q10713	525.0	2	False	1	56	56	57	273	217	274	525.0	252.0	hsp60,matrix,mito
Q12849	480.0	3	False	1	138	138	139	236	98	237	480.0	244.0	hsp60,matrix,mito
Q12887	443.0	1	True	1	159	159	160	330	171	331	443.0	113.0	mito
Q12931	704.0	4	False	1	81	81	82	294	213	295	704.0	410.0	matrix,mito
Q12983	194.0	1	True	1	158	158	159	190	32	191	194.0	4.0	mito
Q13011	328.0	2	False	1	49	49	50	265	216	266	328.0	63.0	hsp60,matrix,mito
Q13057	564.0	2	False	1	194	194	195	344	150	345	564.0	220.0	matrix,mito
Q13084	256.0	1	True	1	86	86	87	151	65	152	256.0	105.0	matrix,mito
Q13085	2346.0	8	False	1	82	82	83	242	160	243	2346.0	2104.0	matrix,mito
Q13162	271.0	1	True	1	73	73	74	271	198	0	0.0	0.0	hsp60,mito
Q13232	169.0	1	True	1	19	19	20	169	150	0	0.0	0.0	mito
Q13268	280.0	1	True	1	23	23	24	277	254	278	280.0	3.0	matrix,mito
Q13323	160.0	1	True	1	8	8	9	159	151	160	160.0	1.0	mito
Q13405	166.0	1	True	1	33	33	34	166	133	0	0.0	0.0	hsp60,matrix,mito
Q13423	1086.0	3	False	1	59	59	60	413	354	414	1086.0	673.0	mito
Q13472	1001.0	5	False	1	20	20	21	196	176	197	1001.0	805.0	matrix,mito
Q13505	466.0	1	True	1	291	291	292	387	96	388	466.0	79.0	mito
Q13686	389.0	1	True	1	113	113	114	347	234	348	389.0	42.0	matrix,mito
Q13794	54.0	1	True	0	0	0	1	54	54	0	0.0	0.0	mito
Q13825	339.0	2	False	1	67	67	68	279	212	280	339.0	60.0	matrix,mito
Q13907	227.0	1	True	0	0	0	1	227	227	0	0.0	0.0	matrix,mito
Q14061	63.0	1	True	0	0	0	1	63	63	0	0.0	0.0	mito
Q14154	515.0	1	True	1	246	246	247	445	199	446	515.0	70.0	mito
Q14197	206.0	1	True	1	65	65	66	205	140	206	206.0	1.0	hsp60,matrix,mito
Q14249	297.0	1	True	1	58	58	59	287	229	288	297.0	10.0	mito
Q14296	549.0	3	False	1	31	31	32	187	156	188	549.0	362.0	mito
Q14318	412.0	2	False	1	57	57	58	205	148	206	412.0	207.0	mito
Q14596	966.0	4	False	1	2	2	3	85	83	86	966.0	881.0	mito
Q14790	479.0	3	False	0	0	0	1	97	97	98	479.0	382.0	mito
Q14CZ7	662.0	2	False	1	1	1	2	653	652	654	662.0	9.0	matrix,mito
Q15031	903.0	4	False	1	56	56	57	80	24	81	903.0	823.0	matrix,mito
Q15046	597.0	2	False	1	72	72	73	215	143	216	597.0	382.0	matrix,mito
Q15070	435.0	2	False	1	96	96	97	354	258	355	435.0	81.0	mito
Q15118	436.0	2	False	1	29	29	30	214	185	215	436.0	222.0	hsp60,matrix,mito
Q15119	407.0	2	False	1	14	14	15	186	172	187	407.0	221.0	hsp60,matrix,mito
Q15120	406.0	2	False	1	6	6	7	182	176	183	406.0	224.0	hsp60,matrix,mito
Q15388	145.0	1	True	1	50	50	51	145	95	0	0.0	0.0	mito
Q15390	333.0	2	False	0	0	0	1	172	172	173	333.0	161.0	mito
Q15526	300.0	2	False	1	45	45	46	295	250	296	300.0	5.0	mito
Q15785	309.0	2	False	1	5	5	6	135	130	136	309.0	174.0	mito
Q16134	617.0	3	False	1	66	66	67	451	385	452	617.0	166.0	mito
Q16526	586.0	4	False	0	0	0	1	129	129	130	586.0	457.0	mito
Q16540	153.0	1	True	0	0	0	1	153	153	0	0.0	0.0	hsp60,matrix,mito
Q16548	175.0	1	True	0	0	0	1	151	151	152	175.0	24.0	mito
Q16595	210.0	1	True	1	81	81	82	210	129	0	0.0	0.0	matrix,mito
Q16611	211.0	1	True	1	15	15	16	186	171	187	211.0	25.0	mito
Q16635	262.0	1	True	1	14	14	15	257	243	258	262.0	5.0	mito
Q16654	411.0	2	False	1	17	17	18	189	172	190	411.0	222.0	mito
Q16698	335.0	1	True	1	33	33	34	335	302	0	0.0	0.0	matrix,mito
Q16718	116.0	1	True	1	19	19	20	97	78	98	116.0	19.0	mito
Q16740	277.0	1	True	1	56	56	57	261	205	262	277.0	16.0	hsp60,matrix,mito
Q16762	297.0	2	False	1	1	1	2	157	156	158	297.0	140.0	hsp60,matrix,mito
Q16774	197.0	1	True	0	0	0	1	195	195	196	197.0	2.0	matrix,mito
Q16775	308.0	1	True	1	48	48	49	308	260	0	0.0	0.0	hsp60,matrix,mito
Q16795	377.0	1	True	1	47	47	48	265	218	266	377.0	112.0	hsp60,mito
Q16798	604.0	2	False	1	47	47	48	302	255	303	604.0	302.0	matrix,mito
Q16822	640.0	3	False	1	46	46	47	285	239	286	640.0	355.0	hsp60,matrix,mito
Q16836	314.0	2	False	1	12	12	13	217	205	218	314.0	97.0	hsp60,matrix,mito
Q16854	277.0	1	True	1	36	36	37	277	241	0	0.0	0.0	matrix,mito
Q16881	649.0	4	False	1	51	51	52	157	106	158	649.0	492.0	mito
Q16891	758.0	3	False	1	57	57	58	90	33	91	758.0	668.0	mito
Q2M3C7	1700.0	3	False	1	41	41	42	1699	1658	1700	1700.0	1.0	mito
Q2QL34	196.0	1	True	1	3	3	4	191	188	192	196.0	5.0	mito
Q2VYF4	491.0	2	False	1	5	5	6	207	202	208	491.0	284.0	mito
Q32NB8	556.0	2	False	1	93	93	94	310	217	311	556.0	246.0	mito
Q32P41	509.0	2	False	1	181	181	182	259	78	260	509.0	250.0	matrix,mito
Q330K2	333.0	1	True	1	56	56	57	309	253	310	333.0	24.0	mito
Q3KQZ1	300.0	1	True	0	0	0	1	299	299	300	300.0	1.0	mito
Q3MIX3	580.0	3	False	1	6	6	7	243	237	244	580.0	337.0	mito
Q3SXM5	330.0	1	True	1	60	60	61	287	227	288	330.0	43.0	mito
Q3SY17	297.0	1	True	1	30	30	31	297	267	0	0.0	0.0	mito
Q3SY69	923.0	5	False	1	22	22	23	227	205	228	923.0	696.0	matrix,mito
Q3ZCQ8	353.0	1	True	1	132	132	133	317	185	318	353.0	36.0	mito
Q46851	346.0	1	True	1	14	14	15	346	332	0	0.0	0.0	groel
Q49AM1	385.0	1	True	1	139	139	140	371	232	372	385.0	14.0	matrix,mito
Q49B96	90.0	1	True	1	29	29	30	81	52	82	90.0	9.0	mito
Q4G0I0	132.0	1	True	1	63	63	64	109	46	110	132.0	23.0	mito
Q4G0N4	442.0	2	False	1	67	67	68	236	169	237	442.0	206.0	hsp60,matrix,mito
Q4G176	576.0	2	False	1	47	47	48	471	424	472	576.0	105.0	hsp60,matrix,mito
Q4J6C6	727.0	2	False	1	84	84	85	698	614	699	727.0	29.0	matrix,mito
Q4U2R6	128.0	2	False	1	7	7	8	62	55	63	128.0	66.0	matrix,mito
Q4VC31	144.0	1	True	1	12	12	13	135	123	136	144.0	9.0	mito
Q53FZ2	586.0	2	False	1	49	49	50	478	429	479	586.0	108.0	matrix,mito
Q53H12	422.0	1	True	1	51	51	52	190	139	191	422.0	232.0	mito
Q53H82	288.0	2	False	0	0	0	1	204	204	205	288.0	84.0	matrix,mito
Q53R41	847.0	4	False	1	38	38	39	165	127	166	847.0	682.0	matrix,mito
Q53S33	107.0	1	True	1	26	26	27	107	81	0	0.0	0.0	matrix,mito
Q53S58	311.0	2	False	1	3	3	4	306	303	307	311.0	5.0	mito
Q567V2	206.0	1	True	0	0	0	1	187	187	188	206.0	19.0	mito
Q56VL3	154.0	1	True	1	28	28	29	149	121	150	154.0	5.0	mito
Q5BKU9	147.0	1	True	1	81	81	82	145	64	146	147.0	2.0	mito
Q5EBM0	449.0	1	True	1	247	247	248	448	201	449	449.0	1.0	matrix,mito
Q5H9E4	307.0	1	True	1	28	28	29	306	278	307	307.0	1.0	mito
Q5HYI7	312.0	2	False	1	4	4	5	76	72	77	312.0	236.0	mito
Q5HYK3	327.0	1	True	1	73	73	74	327	254	0	0.0	0.0	mito
Q5JPH6	523.0	2	False	1	29	29	30	362	333	363	523.0	161.0	hsp60,matrix,mito
Q5JRX3	1037.0	4	False	1	23	23	24	293	270	294	1037.0	744.0	hsp60,matrix,mito
Q5JTJ3	125.0	1	True	1	37	37	38	114	77	115	125.0	11.0	mito
Q5JTZ9	985.0	4	False	1	36	36	37	281	245	282	985.0	704.0	hsp60,matrix,mito
Q5RI15	118.0	1	True	1	27	27	28	116	89	117	118.0	2.0	mito
Q5SQH8	315.0	1	True	1	97	97	98	281	184	282	315.0	34.0	matrix,mito
Q5ST30	1063.0	5	False	1	101	101	102	298	197	299	1063.0	765.0	matrix,mito
Q5SVS4	291.0	1	True	1	6	6	7	290	284	291	291.0	1.0	mito
Q5SXM8	178.0	1	True	1	67	67	68	131	64	132	178.0	47.0	matrix,mito
Q5T160	578.0	3	False	1	3	3	4	113	110	114	578.0	465.0	matrix,mito
Q5T1C6	240.0	1	True	1	30	30	31	240	210	0	0.0	0.0	mito
Q5T2R2	415.0	1	True	1	87	87	88	415	328	0	0.0	0.0	mito
Q5T440	356.0	1	True	1	42	42	43	348	306	349	356.0	8.0	hsp60,matrix,mito
Q5T653	305.0	2	False	1	60	60	61	166	106	167	305.0	139.0	matrix,mito
Q5T9A4	648.0	1	True	1	307	307	308	494	187	495	648.0	154.0	hsp60,mito
Q5TC12	328.0	2	False	1	64	64	65	107	43	108	328.0	221.0	matrix,mito
Q5TEU4	345.0	1	True	1	49	49	50	247	198	248	345.0	98.0	mito
Q5TGZ0	78.0	1	True	1	2	2	3	63	61	64	78.0	15.0	mito
Q5THJ4	4388.0	1	True	1	2624	2624	2625	2681	57	2682	4388.0	1707.0	mito
Q5U5X0	104.0	1	True	1	2	2	3	76	74	77	104.0	28.0	hsp60,matrix,mito
Q5VT66	337.0	2	False	1	45	45	46	334	289	335	337.0	3.0	mito
Q5VTE6	544.0	1	True	1	126	126	127	544	418	0	0.0	0.0	matrix,mito
Q5VUM1	108.0	1	True	0	0	0	1	108	108	0	0.0	0.0	matrix,mito
Q5VWZ2	237.0	1	True	0	0	0	1	237	237	0	0.0	0.0	mito
Q5XKP0	118.0	1	True	0	0	0	1	115	115	116	118.0	3.0	mito
Q68CK6	577.0	2	False	1	33	33	34	463	430	464	577.0	114.0	matrix,mito
Q6DKK2	380.0	1	True	1	162	162	163	378	216	379	380.0	2.0	mito
Q6IAN0	325.0	1	True	1	43	43	44	323	280	324	325.0	2.0	mito
Q6IB77	296.0	1	True	1	160	160	161	279	119	280	296.0	17.0	matrix,mito
Q6IN84	353.0	2	False	1	43	43	44	125	82	126	353.0	228.0	matrix,mito
Q6IPR1	90.0	1	True	1	1	1	2	84	83	85	90.0	6.0	matrix,mito
Q6J4K2	584.0	2	False	1	134	134	135	258	124	259	584.0	326.0	mito
Q6JQN1	1059.0	7	False	1	43	43	44	242	199	243	1059.0	817.0	matrix,mito
Q6KCM7	469.0	3	False	1	25	25	26	93	68	94	469.0	376.0	mito
Q6L8Q7	609.0	1	True	1	278	278	279	609	331	0	0.0	0.0	matrix,mito
Q6NUI2	795.0	3	False	1	55	55	56	457	402	458	795.0	338.0	mito
Q6NUK1	477.0	3	False	1	21	21	22	99	78	100	477.0	378.0	mito
Q6NUN0	579.0	2	False	1	43	43	44	472	429	473	579.0	107.0	matrix,mito
Q6NVY1	386.0	1	True	1	30	30	31	386	356	0	0.0	0.0	hsp60,matrix,mito
Q6P087	351.0	1	True	1	76	76	77	331	255	332	351.0	20.0	hsp60,matrix,mito
Q6P161	138.0	1	True	1	64	64	65	134	70	135	138.0	4.0	matrix,mito
Q6P1L8	145.0	1	True	1	30	30	31	145	115	0	0.0	0.0	hsp60,matrix,mito
Q6P1Q0	360.0	2	False	1	48	48	49	170	122	171	360.0	190.0	mito
Q6P1S2	294.0	1	True	1	101	101	102	227	126	228	294.0	67.0	matrix,mito
Q6P1X6	216.0	2	False	1	21	21	22	107	86	108	216.0	109.0	matrix,mito
Q6P444	385.0	2	False	0	0	0	1	44	44	45	385.0	341.0	mito
Q6P4A7	337.0	2	False	1	26	26	27	94	68	95	337.0	243.0	mito
Q6P4F2	183.0	1	True	1	63	63	64	178	115	179	183.0	5.0	matrix,mito
Q6P4H8	233.0	1	True	1	66	66	67	215	149	216	233.0	18.0	mito
Q6P587	221.0	1	True	0	0	0	1	221	221	0	0.0	0.0	hsp60,matrix,mito
Q6PI48	645.0	3	False	1	39	39	40	155	116	156	645.0	490.0	hsp60,matrix,mito
Q6PI78	240.0	1	True	1	68	68	69	238	170	239	240.0	2.0	mito
Q6PIV7	304.0	1	True	1	5	5	6	303	298	304	304.0	1.0	mito
Q6PML9	568.0	2	False	1	104	104	105	195	91	196	568.0	373.0	mito
Q6Q0C1	308.0	2	False	0	0	0	1	95	95	96	308.0	213.0	mito
Q6UB28	335.0	1	True	1	51	51	52	333	282	334	335.0	2.0	matrix,mito
Q6UB35	978.0	6	False	1	76	76	77	200	124	201	978.0	778.0	hsp60,matrix,mito
Q6UW68	189.0	1	True	0	0	0	1	187	187	188	189.0	2.0	mito
Q6UW78	93.0	1	True	0	0	0	1	76	76	77	93.0	17.0	mito
Q6UWS5	81.0	1	True	0	0	0	1	81	81	0	0.0	0.0	mito
Q6UXN7	152.0	1	True	1	56	56	57	150	94	151	152.0	2.0	mito
Q6UXV4	268.0	1	True	1	37	37	38	190	153	191	268.0	78.0	mito
Q6YFQ2	88.0	1	True	1	9	9	10	88	79	0	0.0	0.0	mito
Q6YN16	418.0	2	False	0	0	0	1	275	275	276	418.0	143.0	matrix,mito
Q6YP21	454.0	2	False	1	52	52	53	445	393	446	454.0	9.0	matrix,mito
Q6ZT89	311.0	1	True	1	7	7	8	308	301	309	311.0	3.0	mito
Q709F0	780.0	5	False	1	18	18	19	124	106	125	780.0	656.0	mito
Q70CQ3	517.0	1	True	1	54	54	55	503	449	504	517.0	14.0	mito
Q70HW3	274.0	1	True	1	5	5	6	272	267	273	274.0	2.0	mito
Q7KZF4	910.0	6	False	1	14	14	15	183	169	184	910.0	727.0	mito
Q7KZN9	410.0	1	True	1	62	62	63	405	343	406	410.0	5.0	mito
Q7L0Y3	403.0	1	True	1	190	190	191	380	190	381	403.0	23.0	matrix,mito
Q7L2E3	1194.0	5	False	1	51	51	52	145	94	146	1194.0	1049.0	hsp60,matrix,mito
Q7L311	632.0	1	True	1	376	376	377	632	256	0	0.0	0.0	mito
Q7L3T8	475.0	2	False	1	58	58	59	357	299	358	475.0	118.0	matrix,mito
Q7L3V2	364.0	1	True	1	14	14	15	227	213	228	364.0	137.0	mito
Q7L4E1	593.0	2	False	1	5	5	6	568	563	569	593.0	25.0	mito
Q7L4S7	300.0	1	True	1	2	2	3	287	285	288	300.0	13.0	mito
Q7L592	441.0	1	True	1	30	30	31	425	395	426	441.0	16.0	hsp60,mito
Q7L8L6	764.0	2	False	1	111	111	112	524	413	525	764.0	240.0	hsp60,matrix,mito
Q7Z2W9	205.0	1	True	1	68	68	69	200	132	201	205.0	5.0	matrix,mito
Q7Z3D6	616.0	3	False	1	25	25	26	256	231	257	616.0	360.0	matrix,mito
Q7Z434	540.0	1	True	0	0	0	1	94	94	95	540.0	446.0	mito
Q7Z4L0	72.0	1	True	1	28	28	29	71	43	72	72.0	1.0	mito
Q7Z4W1	244.0	1	True	0	0	0	1	244	244	0	0.0	0.0	hsp60,matrix,mito
Q7Z5L4	167.0	1	True	0	0	0	1	158	158	159	167.0	9.0	mito
Q7Z695	626.0	3	False	1	35	35	36	168	133	169	626.0	458.0	mito
Q7Z6M4	381.0	1	True	1	74	74	75	320	246	321	381.0	61.0	matrix,mito
Q7Z7F7	128.0	1	True	1	33	33	34	78	45	79	128.0	50.0	matrix,mito
Q7Z7H8	261.0	1	True	1	29	29	30	197	168	198	261.0	64.0	hsp60,matrix,mito
Q7Z7K0	106.0	1	True	1	4	4	5	91	87	92	106.0	15.0	mito
Q86SX6	157.0	1	True	1	43	43	44	146	103	147	157.0	11.0	hsp60,matrix,mito
Q86TS9	123.0	1	True	1	18	18	19	107	89	108	123.0	16.0	matrix,mito
Q86TW2	530.0	1	True	1	152	152	153	381	229	382	530.0	149.0	mito
Q86U28	154.0	1	True	1	48	48	49	154	106	0	0.0	0.0	matrix,mito
Q86U90	279.0	1	True	1	57	57	58	266	209	267	279.0	13.0	matrix,mito
Q86UT6	975.0	2	False	1	75	75	76	300	225	301	975.0	675.0	matrix,mito
Q86UY8	548.0	1	True	1	244	244	245	440	196	441	548.0	108.0	matrix,mito
Q86VD7	318.0	1	True	1	25	25	26	316	291	317	318.0	2.0	mito
Q86VU5	262.0	1	True	1	33	33	34	262	229	0	0.0	0.0	mito
Q86WA6	291.0	1	True	1	37	37	38	290	253	291	291.0	1.0	matrix,mito
Q86WU2	507.0	5	False	1	6	6	7	119	113	120	507.0	388.0	mito
Q86WW8	74.0	1	True	1	14	14	15	69	55	70	74.0	5.0	mito
Q86X67	352.0	2	False	1	27	27	28	196	169	197	352.0	156.0	matrix,mito
Q86X76	327.0	1	True	1	48	48	49	319	271	320	327.0	8.0	matrix,mito
Q86XE3	530.0	2	False	1	130	130	131	372	242	373	530.0	158.0	mito
Q86XE5	327.0	1	True	1	23	23	24	327	304	0	0.0	0.0	matrix,mito
Q86Y39	141.0	1	True	0	0	0	1	131	131	132	141.0	10.0	mito
Q86Y79	214.0	1	True	1	26	26	27	209	183	210	214.0	5.0	matrix,mito
Q86YB7	292.0	2	False	1	23	23	24	232	209	233	292.0	60.0	matrix,mito
Q86YH6	399.0	1	True	1	56	56	57	397	341	398	399.0	2.0	mito
Q8IUA7	1624.0	2	False	1	473	473	474	745	272	746	1624.0	879.0	mito
Q8IUX1	230.0	1	True	1	60	60	61	229	169	230	230.0	1.0	mito
Q8IVH4	418.0	3	False	1	69	69	70	135	66	136	418.0	283.0	matrix,mito
Q8IVP5	155.0	1	True	1	19	19	20	154	135	155	155.0	1.0	mito
Q8IVS2	390.0	2	False	1	64	64	65	355	291	356	390.0	35.0	matrix,mito
Q8IVS8	523.0	2	False	1	50	50	51	305	255	306	523.0	218.0	matrix,mito
Q8IW45	347.0	1	True	1	49	49	50	345	296	346	347.0	2.0	mito
Q8IWA4	741.0	2	False	1	77	77	78	311	234	312	741.0	430.0	mito
Q8IWL3	235.0	2	False	1	28	28	29	143	115	144	235.0	92.0	matrix,mito
Q8IWW8	467.0	2	False	1	37	37	38	232	195	233	467.0	235.0	matrix,mito
Q8IXI1	618.0	4	False	1	2	2	3	170	168	171	618.0	448.0	mito
Q8IXI2	618.0	4	False	0	0	0	1	178	178	179	618.0	440.0	mito
Q8IXL7	192.0	1	True	1	36	36	37	179	143	180	192.0	13.0	mito
Q8IXM3	137.0	2	False	1	2	2	3	56	54	57	137.0	81.0	matrix,mito
Q8IXQ9	262.0	1	True	1	81	81	82	251	170	252	262.0	11.0	matrix,mito
Q8IYB8	786.0	5	False	1	45	45	46	174	129	175	786.0	612.0	hsp60,matrix,mito
Q8IYQ7	743.0	4	False	1	53	53	54	228	175	229	743.0	515.0	matrix,mito
Q8IYU8	434.0	2	False	1	84	84	85	270	186	271	434.0	164.0	mito
Q8N0U4	392.0	1	True	1	67	67	68	242	175	243	392.0	150.0	matrix,mito
Q8N0V3	343.0	1	True	1	78	78	79	184	106	185	343.0	159.0	matrix,mito
Q8N0X4	340.0	1	True	1	32	32	33	340	308	0	0.0	0.0	matrix,mito
Q8N0Z8	303.0	2	False	1	11	11	12	125	114	126	303.0	178.0	matrix,mito
Q8N159	534.0	2	False	1	95	95	96	377	282	378	534.0	157.0	matrix,mito
Q8N183	169.0	1	True	1	1	1	2	120	119	121	169.0	49.0	mito
Q8N1Q8	247.0	1	True	1	51	51	52	247	196	0	0.0	0.0	matrix,mito
Q8N2A8	252.0	1	True	1	31	31	32	212	181	213	252.0	40.0	mito
Q8N2F6	343.0	2	False	1	87	87	88	181	94	182	343.0	162.0	mito
Q8N3J2	472.0	2	False	1	9	9	10	462	453	463	472.0	10.0	matrix,mito
Q8N3J5	372.0	1	True	1	87	87	88	359	272	360	372.0	13.0	matrix,mito
Q8N3R3	496.0	2	False	1	28	28	29	144	116	145	496.0	352.0	matrix,mito
Q8N3Z0	413.0	1	True	1	134	134	135	299	165	300	413.0	114.0	mito
Q8N413	288.0	1	True	1	1	1	2	287	286	288	288.0	1.0	mito
Q8N442	669.0	5	False	1	64	64	65	248	184	249	669.0	421.0	hsp60,matrix,mito
Q8N465	521.0	5	False	1	53	53	54	152	99	153	521.0	369.0	matrix,mito
Q8N490	385.0	1	True	1	118	118	119	385	267	0	0.0	0.0	mito
Q8N4E7	242.0	1	True	1	60	60	61	242	182	0	0.0	0.0	matrix,mito
Q8N4H5	51.0	1	True	0	0	0	1	51	51	0	0.0	0.0	mito
Q8N4Q0	377.0	2	False	1	37	37	38	368	331	369	377.0	9.0	hsp60,mito
Q8N4Q1	142.0	1	True	1	31	31	32	110	79	111	142.0	32.0	mito
Q8N4T8	237.0	1	True	0	0	0	1	237	237	0	0.0	0.0	hsp60,matrix,mito
Q8N573	874.0	1	True	1	88	88	89	154	66	155	874.0	720.0	mito
Q8N5G0	67.0	1	True	1	2	2	3	51	49	52	67.0	16.0	mito
Q8N5M1	289.0	2	False	1	41	41	42	103	62	104	289.0	186.0	matrix,mito
Q8N5N7	158.0	1	True	1	64	64	65	131	67	132	158.0	27.0	matrix,mito
Q8N5S1	370.0	1	True	1	84	84	85	368	284	369	370.0	2.0	mito
Q8N5Z0	425.0	1	True	0	0	0	1	425	425	0	0.0	0.0	matrix,mito
Q8N8Q8	333.0	2	False	1	50	50	51	330	280	331	333.0	3.0	mito
Q8N8R3	303.0	1	True	0	0	0	1	281	281	282	303.0	22.0	mito
Q8N8R5	385.0	1	True	1	46	46	47	383	337	384	385.0	2.0	matrix,mito
Q8N945	189.0	1	True	1	1	1	2	183	182	184	189.0	6.0	mito
Q8N983	215.0	1	True	0	0	0	1	158	158	159	215.0	57.0	matrix,mito
Q8N9F0	302.0	1	True	1	143	143	144	276	133	277	302.0	26.0	mito
Q8NAN2	632.0	3	False	1	43	43	44	94	51	95	632.0	538.0	mito
Q8NBN7	331.0	1	True	1	31	31	32	321	290	322	331.0	10.0	mito
Q8NBU5	361.0	2	False	1	86	86	87	348	262	349	361.0	13.0	mito
Q8NC60	698.0	1	True	1	198	198	199	401	203	402	698.0	297.0	mito
Q8NCN5	879.0	5	False	1	44	44	45	421	377	422	879.0	458.0	matrix,mito
Q8NCW5	288.0	1	True	1	55	55	56	288	233	0	0.0	0.0	matrix,mito
Q8NE22	299.0	1	True	1	126	126	127	298	172	299	299.0	1.0	matrix,mito
Q8NE62	594.0	2	False	1	42	42	43	565	523	566	594.0	29.0	mito
Q8NE86	351.0	2	False	1	75	75	76	160	85	161	351.0	191.0	mito
Q8NFF5	587.0	2	False	1	108	108	109	273	165	274	587.0	314.0	hsp60,matrix,mito
Q8NFU3	115.0	1	True	1	4	4	5	115	111	0	0.0	0.0	mito
Q8NFV4	306.0	1	True	1	50	50	51	305	255	306	306.0	1.0	hsp60,matrix,mito
Q8NI37	304.0	1	True	1	54	54	55	297	243	298	304.0	7.0	matrix,mito
Q8NI60	647.0	3	False	0	0	0	1	301	301	302	647.0	346.0	hsp60,mito
Q8TAA5	225.0	2	False	1	44	44	45	159	115	160	225.0	66.0	matrix,mito
Q8TAE8	222.0	1	True	1	24	24	25	152	128	153	222.0	70.0	hsp60,matrix,mito
Q8TB22	786.0	3	False	1	60	60	61	229	169	230	786.0	557.0	matrix,mito
Q8TB36	358.0	2	False	1	21	21	22	130	109	131	358.0	228.0	mito
Q8TB37	319.0	1	True	1	61	61	62	316	255	317	319.0	3.0	matrix,mito
Q8TBP6	338.0	1	True	1	10	10	11	334	324	335	338.0	4.0	mito
Q8TCC3	161.0	1	True	1	67	67	68	120	53	121	161.0	41.0	matrix,mito
Q8TCG5	803.0	3	False	0	0	0	1	50	50	51	803.0	753.0	mito
Q8TCS8	783.0	5	False	1	40	40	41	267	227	268	783.0	516.0	hsp60,matrix,mito
Q8TD22	340.0	2	False	1	1	1	2	94	93	95	340.0	246.0	mito
Q8TD30	523.0	3	False	1	48	48	49	522	474	523	523.0	1.0	hsp60,matrix,mito
Q8TDB4	240.0	1	True	0	0	0	1	240	240	0	0.0	0.0	mito
Q8TF08	81.0	1	True	1	25	25	26	81	56	0	0.0	0.0	mito
Q8WUD6	406.0	1	True	1	45	45	46	227	182	228	406.0	179.0	mito
Q8WUK0	201.0	1	True	1	36	36	37	193	157	194	201.0	8.0	hsp60,mito
Q8WUT9	341.0	1	True	1	10	10	11	298	288	299	341.0	43.0	mito
Q8WV60	388.0	1	True	1	55	55	56	225	170	226	388.0	163.0	matrix,mito
Q8WV74	236.0	1	True	1	17	17	18	191	174	192	236.0	45.0	matrix,mito
Q8WV93	481.0	1	True	1	113	113	114	285	172	286	481.0	196.0	mito
Q8WVC6	231.0	1	True	0	0	0	1	203	203	204	231.0	28.0	mito
Q8WVM0	346.0	2	False	1	1	1	2	238	237	239	346.0	108.0	matrix,mito
Q8WW59	207.0	1	True	1	18	18	19	198	180	199	207.0	9.0	hsp60,matrix,mito
Q8WWC4	291.0	1	True	1	117	117	118	287	170	288	291.0	4.0	matrix,mito
Q8WWR8	484.0	2	False	1	4	4	5	301	297	302	484.0	183.0	mito
Q8WWV3	396.0	2	False	1	49	49	50	393	344	394	396.0	3.0	matrix,mito
Q8WXI4	607.0	3	False	1	38	38	39	192	154	193	607.0	415.0	matrix,mito
Q8WYQ3	142.0	1	True	1	101	101	102	136	35	137	142.0	6.0	mito
Q92506	261.0	1	True	1	4	4	5	261	257	0	0.0	0.0	hsp60,matrix,mito
Q92523	772.0	3	False	0	0	0	1	49	49	50	772.0	723.0	mito
Q92552	414.0	1	True	1	35	35	36	204	169	205	414.0	210.0	hsp60,matrix,mito
Q92665	395.0	2	False	1	152	152	153	307	155	308	395.0	88.0	hsp60,matrix,mito
Q92667	903.0	3	False	1	607	607	608	681	74	682	903.0	222.0	mito
Q92843	193.0	1	True	0	0	0	1	183	183	184	193.0	10.0	mito
Q92934	168.0	1	True	1	101	101	102	159	58	160	168.0	9.0	mito
Q92947	438.0	3	False	1	36	36	37	173	137	174	438.0	265.0	matrix,mito
Q969G6	155.0	1	True	1	1	1	2	148	147	149	155.0	7.0	matrix,mito
Q969M1	308.0	1	True	1	192	192	193	308	116	0	0.0	0.0	mito
Q969P6	601.0	4	False	1	41	41	42	265	224	266	601.0	336.0	matrix,mito
Q969Q5	203.0	1	True	1	3	3	4	179	176	180	203.0	24.0	mito
Q969S9	779.0	5	False	1	63	63	64	355	292	356	779.0	424.0	hsp60,matrix,mito
Q969V5	352.0	1	True	1	271	271	272	351	80	352	352.0	1.0	mito
Q969Y2	492.0	3	False	1	30	30	31	152	122	153	492.0	340.0	matrix,mito
Q969Z0	631.0	2	False	1	70	70	71	464	394	465	631.0	167.0	hsp60,matrix,mito
Q969Z3	335.0	2	False	1	50	50	51	334	284	335	335.0	1.0	mito
Q96A26	154.0	1	True	1	3	3	4	152	149	153	154.0	2.0	mito
Q96A35	216.0	1	True	1	46	46	47	153	107	154	216.0	63.0	matrix,mito
Q96A46	364.0	2	False	1	50	50	51	203	153	204	364.0	161.0	mito
Q96AB3	205.0	1	True	1	2	2	3	198	196	199	205.0	7.0	matrix,mito
Q96AG3	418.0	2	False	1	76	76	77	255	179	256	418.0	163.0	mito
Q96AN5	459.0	3	False	1	43	43	44	354	311	355	459.0	105.0	mito
Q96AQ8	359.0	1	True	1	166	166	167	263	97	264	359.0	96.0	mito
Q96AY3	582.0	5	False	1	36	36	37	150	114	151	582.0	432.0	mito
Q96B49	74.0	1	True	1	21	21	22	64	43	65	74.0	10.0	mito
Q96B77	213.0	2	False	1	56	56	57	128	72	129	213.0	85.0	mito
Q96BP2	118.0	1	True	1	45	45	46	110	65	111	118.0	8.0	hsp60,mito
Q96BQ5	260.0	1	True	1	124	124	125	259	135	260	260.0	1.0	mito
Q96BR5	231.0	1	True	1	8	8	9	227	219	228	231.0	4.0	mito
Q96BW9	452.0	2	False	0	0	0	1	143	143	144	452.0	309.0	hsp60,mito
Q96C01	138.0	1	True	0	0	0	1	137	137	138	138.0	1.0	mito
Q96C03	454.0	2	False	1	125	125	126	451	326	452	454.0	3.0	mito
Q96C36	320.0	2	False	0	0	0	1	166	166	167	320.0	154.0	hsp60,matrix,mito
Q96CB9	384.0	2	False	1	25	25	26	157	132	158	384.0	227.0	hsp60,matrix,mito
Q96CM3	377.0	1	True	1	91	91	92	344	253	345	377.0	33.0	matrix,mito
Q96CM8	615.0	4	False	1	97	97	98	424	327	425	615.0	191.0	matrix,mito
Q96CQ1	311.0	1	True	1	2	2	3	310	308	311	311.0	1.0	mito
Q96CU9	486.0	2	False	1	64	64	65	457	393	458	486.0	29.0	hsp60,mito
Q96D53	544.0	3	False	1	87	87	88	375	288	376	544.0	169.0	hsp60,mito
Q96DA6	116.0	1	True	1	47	47	48	115	68	116	116.0	1.0	mito
Q96DB5	314.0	1	True	1	80	80	81	295	215	296	314.0	19.0	mito
Q96DC8	303.0	2	False	1	44	44	45	243	199	244	303.0	60.0	matrix,mito
Q96DP5	389.0	1	True	1	47	47	48	352	305	353	389.0	37.0	matrix,mito
Q96DU9	382.0	4	False	1	1	1	2	100	99	101	382.0	282.0	matrix,mito
Q96DV4	380.0	1	True	1	148	148	149	341	193	342	380.0	39.0	hsp60,matrix,mito
Q96DW6	304.0	2	False	1	7	7	8	153	146	154	304.0	151.0	mito
Q96E11	262.0	2	False	1	89	89	90	260	171	261	262.0	2.0	matrix,mito
Q96E29	417.0	1	True	1	147	147	148	417	270	0	0.0	0.0	matrix,mito
Q96E52	524.0	1	True	1	253	253	254	341	88	342	524.0	183.0	mito
Q96EH3	234.0	1	True	1	91	91	92	207	116	208	234.0	27.0	matrix,mito
Q96EL2	167.0	1	True	1	50	50	51	166	116	167	167.0	1.0	matrix,mito
Q96EL3	112.0	1	True	0	0	0	1	112	112	0	0.0	0.0	hsp60,matrix,mito
Q96ER9	411.0	2	False	1	48	48	49	195	147	196	411.0	216.0	mito
Q96EY1	480.0	4	False	1	88	88	89	203	115	204	480.0	277.0	matrix,mito
Q96EY7	689.0	2	False	1	153	153	154	349	196	350	689.0	340.0	hsp60,matrix,mito
Q96EY8	250.0	1	True	1	78	78	79	250	172	0	0.0	0.0	hsp60,matrix,mito
Q96GA7	329.0	2	False	1	17	17	18	312	295	313	329.0	17.0	mito
Q96GC5	212.0	1	True	1	89	89	90	190	101	191	212.0	22.0	hsp60,matrix,mito
Q96GE9	116.0	1	True	1	37	37	38	106	69	107	116.0	10.0	mito
Q96GJ1	504.0	2	False	1	92	92	93	499	407	500	504.0	5.0	matrix,mito
Q96GK7	314.0	1	True	1	50	50	51	314	264	0	0.0	0.0	matrix,mito
Q96GW9	593.0	3	False	1	45	45	46	379	334	380	593.0	214.0	hsp60,matrix,mito
Q96H55	970.0	6	False	1	35	35	36	655	620	656	970.0	315.0	mito
Q96H78	314.0	2	False	1	11	11	12	149	138	150	314.0	165.0	mito
Q96H96	371.0	1	True	1	83	83	84	248	165	249	371.0	123.0	mito
Q96HP4	312.0	2	False	1	62	62	63	155	93	156	312.0	157.0	matrix,mito
Q96HS1	289.0	1	True	1	87	87	88	289	202	0	0.0	0.0	hsp60,mito
Q96HY7	919.0	4	False	1	52	52	53	128	76	129	919.0	791.0	matrix,mito
Q96I23	114.0	1	True	1	56	56	57	114	58	0	0.0	0.0	mito
Q96I36	57.0	1	True	0	0	0	1	57	57	0	0.0	0.0	mito
Q96I51	464.0	2	False	1	54	54	55	333	279	334	464.0	131.0	matrix,mito
Q96I59	477.0	2	False	1	17	17	18	124	107	125	477.0	353.0	hsp60,matrix,mito
Q96I99	432.0	3	False	1	37	37	38	278	241	279	432.0	154.0	hsp60,matrix,mito
Q96IL0	206.0	1	True	1	14	14	15	205	191	206	206.0	1.0	mito
Q96IR7	371.0	2	False	1	1	1	2	156	155	157	371.0	215.0	mito
Q96IX5	58.0	1	True	1	3	3	4	47	44	48	58.0	11.0	mito
Q96JX3	654.0	2	False	1	95	95	96	390	295	391	654.0	264.0	mito
Q96KF7	97.0	1	True	1	31	31	32	91	60	92	97.0	6.0	mito
Q96KJ9	171.0	1	True	1	31	31	32	171	140	0	0.0	0.0	mito
Q96KR6	192.0	1	True	1	84	84	85	182	98	183	192.0	10.0	mito
Q96LJ7	313.0	1	True	1	3	3	4	262	259	263	313.0	51.0	mito
Q96LL9	226.0	1	True	1	47	47	48	122	75	123	226.0	104.0	mito
Q96LU5	166.0	1	True	1	27	27	28	157	130	158	166.0	9.0	mito
Q96LW4	560.0	4	False	1	41	41	42	91	50	92	560.0	469.0	matrix,mito
Q96MF6	247.0	1	True	1	83	83	84	230	147	231	247.0	17.0	mito
Q96N28	172.0	1	True	1	1	1	2	170	169	171	172.0	2.0	mito
Q96NB2	322.0	3	False	1	19	19	20	76	57	77	322.0	246.0	mito
Q96ND0	272.0	1	True	1	226	226	227	271	45	272	272.0	1.0	mito
Q96NN9	605.0	4	False	1	67	67	68	177	110	178	605.0	428.0	mito
Q96PE7	176.0	1	True	1	44	44	45	176	132	0	0.0	0.0	matrix,mito
Q96PG8	261.0	1	True	0	0	0	1	261	261	0	0.0	0.0	mito
Q96PN6	1610.0	3	False	1	33	33	34	252	219	253	1610.0	1358.0	mito
Q96Q11	434.0	2	False	1	27	27	28	179	152	180	434.0	255.0	matrix,mito
Q96QE5	360.0	1	True	1	123	123	124	359	236	360	360.0	1.0	matrix,mito
Q96QU6	501.0	2	False	1	86	86	87	473	387	474	501.0	28.0	mito
Q96RP9	751.0	5	False	1	39	39	40	332	293	333	751.0	419.0	hsp60,matrix,mito
Q96RQ3	725.0	3	False	1	36	36	37	492	456	493	725.0	233.0	matrix,mito
Q96RR1	684.0	2	False	1	243	243	244	346	103	347	684.0	338.0	hsp60,matrix,mito
Q96ST8	783.0	1	True	1	50	50	51	700	650	701	783.0	83.0	mito
Q96SZ6	601.0	2	False	1	99	99	100	234	135	235	601.0	367.0	matrix,mito
Q96T52	175.0	1	True	1	31	31	32	164	133	165	175.0	11.0	mito
Q96T66	252.0	1	True	1	3	3	4	245	242	246	252.0	7.0	matrix,mito
Q96TA2	773.0	3	False	1	320	320	321	506	186	507	773.0	267.0	mito
Q96TC7	470.0	1	True	1	238	238	239	452	214	453	470.0	18.0	mito
Q99390	286.0	2	False	1	20	20	21	269	249	270	286.0	17.0	groel
Q99497	189.0	1	True	0	0	0	1	189	189	0	0.0	0.0	mito
Q99551	399.0	2	False	1	69	69	70	172	103	173	399.0	227.0	matrix,mito
Q99595	171.0	1	True	1	9	9	10	140	131	141	171.0	31.0	mito
Q99623	299.0	1	True	1	70	70	71	203	133	204	299.0	96.0	hsp60,mito
Q99643	169.0	2	False	1	29	29	30	61	32	62	169.0	108.0	mito
Q99714	261.0	1	True	0	0	0	1	261	261	0	0.0	0.0	hsp60,matrix,mito
Q99757	166.0	1	True	1	52	52	53	166	114	0	0.0	0.0	matrix,mito
Q99766	200.0	1	True	1	24	24	25	200	176	0	0.0	0.0	mito
Q99797	713.0	3	False	1	72	72	73	219	147	220	713.0	494.0	hsp60,matrix,mito
Q99798	780.0	4	False	1	28	28	29	228	200	229	780.0	552.0	hsp60,matrix,mito
Q99807	217.0	1	True	1	45	45	46	215	170	216	217.0	2.0	mito
Q9BPW8	284.0	2	False	1	62	62	63	180	118	181	284.0	104.0	hsp60,matrix,mito
Q9BPX6	476.0	2	False	1	118	118	119	315	197	316	476.0	161.0	mito
Q9BQ48	92.0	1	True	1	46	46	47	92	46	0	0.0	0.0	matrix,mito
Q9BQ52	826.0	2	False	1	59	59	60	346	287	347	826.0	480.0	matrix,mito
Q9BQ69	325.0	1	True	1	90	90	91	325	235	0	0.0	0.0	matrix,mito
Q9BQ95	431.0	2	False	1	68	68	69	208	140	209	431.0	223.0	mito
Q9BQC6	102.0	1	True	0	0	0	1	95	95	96	102.0	7.0	matrix,mito
Q9BQD7	235.0	1	True	1	53	53	54	205	152	206	235.0	30.0	mito
Q9BQP7	344.0	1	True	1	140	140	141	344	204	0	0.0	0.0	hsp60,matrix,mito
Q9BQT8	299.0	2	False	1	3	3	4	107	104	108	299.0	192.0	mito
Q9BRQ6	235.0	2	False	1	12	12	13	187	175	188	235.0	48.0	mito
Q9BRQ8	373.0	1	True	1	10	10	11	370	360	371	373.0	3.0	mito
Q9BRT2	126.0	2	False	1	1	1	2	71	70	72	126.0	55.0	mito
Q9BRX8	229.0	1	True	1	45	45	46	218	173	219	229.0	11.0	mito
Q9BS92	247.0	2	False	1	25	25	26	137	112	138	247.0	110.0	matrix,mito
Q9BSE5	352.0	1	True	1	40	40	41	352	312	0	0.0	0.0	matrix,mito
Q9BSF4	260.0	3	False	1	26	26	27	76	50	77	260.0	184.0	mito
Q9BSH4	297.0	3	False	1	54	54	55	134	80	135	297.0	163.0	hsp60,matrix,mito
Q9BSH5	251.0	2	False	1	8	8	9	222	214	223	251.0	29.0	matrix,mito
Q9BSK2	321.0	2	False	1	1	1	2	194	193	195	321.0	127.0	mito
Q9BSY4	110.0	2	False	0	0	0	1	49	49	50	110.0	61.0	mito
Q9BT17	334.0	2	False	1	27	27	28	207	180	208	334.0	127.0	hsp60,matrix,mito
Q9BT30	221.0	1	True	1	15	15	16	215	200	216	221.0	6.0	matrix,mito
Q9BTZ2	278.0	1	True	1	18	18	19	276	258	277	278.0	2.0	matrix,mito
Q9BU61	184.0	1	True	1	54	54	55	171	117	172	184.0	13.0	hsp60,mito
Q9BUB7	260.0	1	True	1	74	74	75	236	162	237	260.0	24.0	mito
Q9BUE6	129.0	1	True	1	23	23	24	129	106	0	0.0	0.0	matrix,mito
Q9BUK0	85.0	1	True	1	10	10	11	75	65	76	85.0	10.0	mito
Q9BUP0	239.0	1	True	1	78	78	79	182	104	183	239.0	57.0	mito
Q9BUP3	242.0	1	True	0	0	0	1	242	242	0	0.0	0.0	mito
Q9BUR5	198.0	1	True	1	36	36	37	186	150	187	198.0	12.0	mito
Q9BUT9	160.0	1	True	1	1	1	2	158	157	159	160.0	2.0	mito
Q9BUV8	137.0	1	True	1	12	12	13	134	122	135	137.0	3.0	mito
Q9BV35	468.0	3	False	1	12	12	13	88	76	89	468.0	380.0	mito
Q9BV79	373.0	2	False	1	44	44	45	358	314	359	373.0	15.0	matrix,mito
Q9BVS5	477.0	2	False	1	141	141	142	214	73	215	477.0	263.0	matrix,mito
Q9BVV7	248.0	1	True	1	133	133	134	247	114	248	248.0	1.0	mito
Q9BW72	106.0	1	True	1	45	45	46	105	60	106	106.0	1.0	mito
Q9BW91	350.0	1	True	1	168	168	169	350	182	0	0.0	0.0	matrix,mito
Q9BW92	718.0	4	False	1	58	58	59	120	62	121	718.0	598.0	hsp60,matrix,mito
Q9BWH2	189.0	1	True	1	26	26	27	188	162	189	189.0	1.0	mito
Q9BWM7	321.0	3	False	1	19	19	20	76	57	77	321.0	245.0	mito
Q9BX68	163.0	1	True	1	34	34	35	163	129	0	0.0	0.0	hsp60,matrix,mito
Q9BXK5	485.0	1	True	1	10	10	11	208	198	209	485.0	277.0	mito
Q9BXM7	581.0	1	True	1	264	264	265	510	246	511	581.0	71.0	mito
Q9BXR0	403.0	1	True	1	15	15	16	382	367	383	403.0	21.0	matrix,mito
Q9BXW6	950.0	5	False	0	0	0	1	147	147	148	950.0	803.0	mito
Q9BXW7	423.0	2	False	1	48	48	49	374	326	375	423.0	49.0	hsp60,matrix,mito
Q9BYC2	517.0	2	False	1	36	36	37	272	236	273	517.0	245.0	matrix,mito
Q9BYC8	188.0	2	False	1	13	13	14	99	86	100	188.0	89.0	matrix,mito
Q9BYC9	149.0	1	True	1	61	61	62	123	62	124	149.0	26.0	matrix,mito
Q9BYD1	178.0	1	True	0	0	0	1	178	178	0	0.0	0.0	hsp60,matrix,mito
Q9BYD2	267.0	1	True	1	93	93	94	151	58	152	267.0	116.0	hsp60,matrix,mito
Q9BYD3	311.0	1	True	1	44	44	45	294	250	295	311.0	17.0	hsp60,matrix,mito
Q9BYD6	325.0	2	False	1	96	96	97	304	208	305	325.0	21.0	matrix,mito
Q9BYN8	205.0	1	True	1	35	35	36	198	163	199	205.0	7.0	hsp60,matrix,mito
Q9BYT8	704.0	3	False	1	23	23	24	175	152	176	704.0	529.0	matrix,mito
Q9BYV1	514.0	2	False	1	84	84	85	505	421	506	514.0	9.0	matrix,mito
Q9BYV7	579.0	1	True	1	54	54	55	578	524	579	579.0	1.0	mito
Q9BYZ2	381.0	2	False	1	50	50	51	211	161	212	381.0	170.0	matrix,mito
Q9BZ23	570.0	2	False	1	203	203	204	371	168	372	570.0	199.0	mito
Q9BZE1	423.0	1	True	1	98	98	99	419	321	420	423.0	4.0	hsp60,matrix,mito
Q9BZJ4	359.0	2	False	0	0	0	1	76	76	77	359.0	283.0	mito
Q9C002	83.0	1	True	1	2	2	3	82	80	83	83.0	1.0	mito
Q9GZT3	109.0	1	True	1	1	1	2	108	107	109	109.0	1.0	hsp60,matrix,mito
Q9GZT6	254.0	1	True	1	61	61	62	158	97	159	254.0	96.0	hsp60,mito
Q9GZT8	377.0	2	False	1	21	21	22	147	126	148	377.0	230.0	matrix,mito
Q9GZY4	146.0	1	True	1	41	41	42	134	93	135	146.0	12.0	mito
Q9GZY8	342.0	1	True	0	0	0	1	342	342	0	0.0	0.0	mito
Q9H019	292.0	1	True	0	0	0	1	292	292	0	0.0	0.0	mito
Q9H061	195.0	1	True	0	0	0	1	186	186	187	195.0	9.0	mito
Q9H078	707.0	4	False	1	119	119	120	212	93	213	707.0	495.0	mito
Q9H0C2	315.0	1	True	1	15	15	16	308	293	309	315.0	7.0	mito
Q9H0N5	130.0	1	True	1	26	26	27	130	104	0	0.0	0.0	mito
Q9H0R6	528.0	1	True	1	2	2	3	502	500	503	528.0	26.0	hsp60,matrix,mito
Q9H0U6	180.0	1	True	1	37	37	38	180	143	0	0.0	0.0	matrix,mito
Q9H1K1	167.0	1	True	1	33	33	34	167	134	0	0.0	0.0	matrix,mito
Q9H1K4	315.0	1	True	1	1	1	2	304	303	305	315.0	11.0	mito
Q9H1U9	297.0	1	True	1	30	30	31	297	267	0	0.0	0.0	mito
Q9H2D1	315.0	1	True	1	21	21	22	307	286	308	315.0	8.0	mito
Q9H2K0	278.0	2	False	1	75	75	76	148	73	149	278.0	130.0	matrix,mito
Q9H2U2	334.0	1	True	1	35	35	36	334	299	0	0.0	0.0	hsp60,matrix,mito
Q9H2W6	279.0	1	True	1	144	144	145	279	135	0	0.0	0.0	matrix,mito
Q9H300	379.0	1	True	1	160	160	161	352	192	353	379.0	27.0	mito
Q9H3H1	467.0	3	False	1	24	24	25	371	347	372	467.0	96.0	matrix,mito
Q9H3J6	166.0	1	True	1	13	13	14	127	114	128	166.0	39.0	matrix,mito
Q9H3K2	345.0	1	True	1	71	71	72	342	271	343	345.0	3.0	mito
Q9H3L0	296.0	2	False	1	9	9	10	294	285	295	296.0	2.0	matrix,mito
Q9H4A6	298.0	1	True	1	49	49	50	298	249	0	0.0	0.0	mito
Q9H4B0	414.0	2	False	1	38	38	39	373	335	374	414.0	41.0	matrix,mito
Q9H4I8	314.0	1	True	1	12	12	13	300	288	301	314.0	14.0	mito
Q9H4I9	107.0	1	True	0	0	0	1	107	107	0	0.0	0.0	mito
Q9H4K7	406.0	2	False	1	70	70	71	223	153	224	406.0	183.0	matrix,mito
Q9H5Q4	396.0	1	True	1	60	60	61	304	244	305	396.0	92.0	matrix,mito
Q9H611	641.0	2	False	1	187	187	188	396	209	397	641.0	245.0	matrix,mito
Q9H649	340.0	2	False	1	4	4	5	115	111	116	340.0	225.0	matrix,mito
Q9H6K4	179.0	1	True	1	3	3	4	164	161	165	179.0	15.0	mito
Q9H6R3	686.0	2	False	1	59	59	60	556	497	557	686.0	130.0	matrix,mito
Q9H7H0	456.0	1	True	1	159	159	160	312	153	313	456.0	144.0	hsp60,matrix,mito
Q9H7Z7	377.0	3	False	1	87	87	88	179	92	180	377.0	198.0	mito
Q9H825	291.0	1	True	1	175	175	176	291	116	0	0.0	0.0	matrix,mito
Q9H845	621.0	4	False	1	60	60	61	175	115	176	621.0	446.0	hsp60,mito
Q9H857	520.0	1	True	1	210	210	211	407	197	408	520.0	113.0	hsp60,matrix,mito
Q9H8M1	238.0	1	True	1	74	74	75	221	147	222	238.0	17.0	mito
Q9H903	347.0	2	False	1	53	53	54	322	269	323	347.0	25.0	matrix,mito
Q9H936	323.0	1	True	1	1	1	2	310	309	311	323.0	13.0	mito
Q9H9B4	322.0	2	False	1	20	20	21	77	57	78	322.0	245.0	mito
Q9H9J2	332.0	2	False	1	54	54	55	186	132	187	332.0	146.0	hsp60,matrix,mito
Q9H9P8	463.0	2	False	1	49	49	50	449	400	450	463.0	14.0	mito
Q9HA77	564.0	2	False	1	38	38	39	356	318	357	564.0	208.0	hsp60,matrix,mito
Q9HA92	442.0	1	True	1	12	12	13	274	262	275	442.0	168.0	hsp60,mito
Q9HAC7	438.0	2	False	1	36	36	37	438	402	0	0.0	0.0	matrix,mito
Q9HAV7	217.0	2	False	1	47	47	48	158	111	159	217.0	59.0	matrix,mito
Q9HBH1	243.0	1	True	1	63	63	64	243	180	0	0.0	0.0	matrix,mito
Q9HBH5	336.0	1	True	1	39	39	40	334	295	335	336.0	2.0	mito
Q9HBL7	147.0	1	True	0	0	0	1	146	146	147	147.0	1.0	mito
Q9HC21	320.0	1	True	1	9	9	10	312	303	313	320.0	8.0	mito
Q9HC36	420.0	2	False	1	100	100	101	193	93	194	420.0	227.0	hsp60,matrix,mito
Q9HC38	313.0	2	False	0	0	0	1	148	148	149	313.0	165.0	matrix,mito
Q9HCC0	563.0	2	False	1	28	28	29	300	272	301	563.0	263.0	hsp60,matrix,mito
Q9HCL2	828.0	4	False	1	71	71	72	479	408	480	828.0	349.0	mito
Q9HD23	443.0	2	False	1	74	74	75	154	80	155	443.0	289.0	mito
Q9HD33	250.0	1	True	1	58	58	59	159	101	160	250.0	91.0	hsp60,matrix,mito
Q9HD34	91.0	1	True	0	0	0	1	84	84	85	91.0	7.0	matrix,mito
Q9HD36	204.0	1	True	1	14	14	15	170	156	171	204.0	34.0	mito
Q9NNW7	524.0	3	False	1	39	39	40	384	345	385	524.0	140.0	matrix,mito
Q9NNZ3	241.0	1	True	1	22	22	23	112	90	113	241.0	129.0	mito
Q9NP58	842.0	2	False	1	251	251	252	577	326	578	842.0	265.0	mito
Q9NP80	782.0	1	True	1	433	433	434	763	330	764	782.0	19.0	mito
Q9NP81	518.0	2	False	1	57	57	58	171	114	172	518.0	347.0	hsp60,matrix,mito
Q9NP92	439.0	2	False	1	55	55	56	85	30	86	439.0	354.0	hsp60,matrix,mito
Q9NPB1	228.0	2	False	1	38	38	39	221	183	222	228.0	7.0	matrix,mito
Q9NPE2	291.0	1	True	0	0	0	1	291	291	0	0.0	0.0	matrix,mito
Q9NPH0	428.0	1	True	1	32	32	33	428	396	0	0.0	0.0	mito
Q9NPJ3	140.0	1	True	0	0	0	1	140	140	0	0.0	0.0	hsp60,matrix,mito
Q9NPL8	285.0	2	False	1	53	53	54	218	165	219	285.0	67.0	mito
Q9NQ50	206.0	1	True	1	82	82	83	181	99	182	206.0	25.0	matrix,mito
Q9NQE9	182.0	1	True	1	53	53	54	182	129	0	0.0	0.0	mito
Q9NQG6	463.0	2	False	1	134	134	135	458	324	459	463.0	5.0	matrix,mito
Q9NQH7	507.0	2	False	1	66	66	67	246	180	247	507.0	261.0	hsp60,matrix,mito
Q9NQR4	276.0	1	True	1	1	1	2	276	275	0	0.0	0.0	mito
Q9NQZ5	370.0	1	True	1	123	123	124	327	204	328	370.0	43.0	mito
Q9NR28	239.0	1	True	1	55	55	56	239	184	0	0.0	0.0	mito
Q9NR77	195.0	1	True	1	1	1	2	193	192	194	195.0	2.0	mito
Q9NRA0	654.0	2	False	1	168	168	169	316	148	317	654.0	338.0	mito
Q9NRD5	415.0	2	False	1	14	14	15	126	112	127	415.0	289.0	mito
Q9NRG7	293.0	1	True	1	1	1	2	293	292	0	0.0	0.0	mito
Q9NRK6	738.0	2	False	1	150	150	151	483	333	484	738.0	255.0	mito
Q9NRN9	209.0	1	True	1	1	1	2	209	208	0	0.0	0.0	matrix,mito
Q9NRP2	79.0	1	True	1	11	11	12	71	60	72	79.0	8.0	mito
Q9NRP4	125.0	1	True	1	1	1	2	109	108	110	125.0	16.0	matrix,mito
Q9NRV9	189.0	1	True	1	17	17	18	189	172	0	0.0	0.0	mito
Q9NRX2	175.0	1	True	1	2	2	3	125	123	126	175.0	50.0	matrix,mito
Q9NRY6	295.0	1	True	1	76	76	77	282	206	283	295.0	13.0	mito
Q9NRZ5	378.0	2	False	1	2	2	3	359	357	360	378.0	19.0	mito
Q9NS18	164.0	1	True	1	53	53	54	164	111	0	0.0	0.0	matrix,mito
Q9NS69	142.0	1	True	1	43	43	44	121	78	122	142.0	21.0	mito
Q9NSE4	1012.0	5	False	1	97	97	98	257	160	258	1012.0	755.0	hsp60,matrix,mito
Q9NTG7	399.0	2	False	1	126	126	127	384	258	385	399.0	15.0	matrix,mito
Q9NTX5	307.0	1	True	1	35	35	36	288	253	289	307.0	19.0	hsp60,mito
Q9NU23	88.0	1	True	1	12	12	13	86	74	87	88.0	2.0	matrix,mito
Q9NUB1	689.0	2	False	1	55	55	56	550	495	551	689.0	139.0	mito
Q9NUJ1	306.0	1	True	1	61	61	62	301	240	302	306.0	5.0	hsp60,matrix,mito
Q9NUL7	540.0	2	False	1	87	87	88	354	267	355	540.0	186.0	matrix,mito
Q9NUQ2	364.0	1	True	1	11	11	12	363	352	364	364.0	1.0	mito
Q9NUT2	735.0	2	False	1	202	202	203	469	267	470	735.0	266.0	mito
Q9NVA1	299.0	1	True	1	109	109	110	270	161	271	299.0	29.0	mito
Q9NVH0	621.0	1	True	1	61	61	62	258	197	259	621.0	363.0	matrix,mito
Q9NVH1	559.0	1	True	1	2	2	3	97	95	98	559.0	462.0	mito
Q9NVH6	421.0	2	False	1	36	36	37	137	101	138	421.0	284.0	matrix,mito
Q9NVI7	586.0	1	True	1	304	304	305	492	188	493	586.0	94.0	hsp60,mito
Q9NVS2	196.0	1	True	1	67	67	68	132	65	133	196.0	64.0	matrix,mito
Q9NVS9	261.0	1	True	1	50	50	51	261	211	0	0.0	0.0	matrix,mito
Q9NVV4	582.0	2	False	1	199	199	200	332	133	333	582.0	250.0	hsp60,matrix,mito
Q9NW81	257.0	1	True	1	65	65	66	232	167	233	257.0	25.0	mito
Q9NWR8	336.0	2	False	1	60	60	61	145	85	146	336.0	191.0	mito
Q9NWS8	449.0	2	False	1	157	157	158	309	152	310	449.0	140.0	mito
Q9NWT8	199.0	1	True	1	54	54	55	180	126	181	199.0	19.0	matrix,mito
Q9NWU1	459.0	2	False	1	34	34	35	303	269	304	459.0	156.0	matrix,mito
Q9NWU5	206.0	1	True	1	40	40	41	206	166	0	0.0	0.0	hsp60,matrix,mito
Q9NWX6	298.0	1	True	1	29	29	30	298	269	0	0.0	0.0	matrix,mito
Q9NX14	153.0	1	True	1	65	65	66	146	81	147	153.0	7.0	mito
Q9NX18	166.0	1	True	1	61	61	62	151	90	152	166.0	15.0	matrix,mito
Q9NX20	251.0	1	True	1	54	54	55	232	178	233	251.0	19.0	hsp60,matrix,mito
Q9NX36	388.0	1	True	1	34	34	35	112	78	113	388.0	276.0	mito
Q9NX40	245.0	2	False	1	28	28	29	120	92	121	245.0	125.0	mito
Q9NX47	278.0	1	True	1	2	2	3	74	72	75	278.0	204.0	mito
Q9NX63	227.0	1	True	1	10	10	11	225	215	226	227.0	2.0	mito
Q9NX74	493.0	2	False	1	7	7	8	257	250	258	493.0	236.0	matrix,mito
Q9NXA8	310.0	2	False	1	48	48	49	296	248	297	310.0	14.0	matrix,mito
Q9NXH9	659.0	3	False	1	53	53	54	440	387	441	659.0	219.0	matrix,mito
Q9NYJ1	87.0	1	True	1	23	23	24	86	63	87	87.0	1.0	mito
Q9NYK5	338.0	2	False	1	73	73	74	128	55	129	338.0	210.0	hsp60,matrix,mito
Q9NYQ3	351.0	1	True	1	1	1	2	351	350	0	0.0	0.0	mito
Q9NYY8	710.0	2	False	1	153	153	154	549	396	550	710.0	161.0	matrix,mito
Q9NYZ2	338.0	2	False	1	24	24	25	177	153	178	338.0	161.0	mito
Q9NZ45	108.0	1	True	1	60	60	61	108	48	0	0.0	0.0	mito
Q9NZB8	636.0	2	False	1	57	57	58	384	327	385	636.0	252.0	matrix,mito
Q9NZE8	188.0	1	True	1	101	101	102	163	62	164	188.0	25.0	matrix,mito
Q9NZJ6	369.0	1	True	1	95	95	96	332	237	333	369.0	37.0	mito
Q9NZJ7	389.0	1	True	1	84	84	85	388	304	389	389.0	1.0	mito
Q9P015	296.0	1	True	1	85	85	86	177	92	178	296.0	119.0	hsp60,matrix,mito
Q9P032	175.0	2	False	1	33	33	34	67	34	68	175.0	108.0	mito
Q9P0J0	144.0	1	True	1	31	31	32	139	108	140	144.0	5.0	hsp60,mito
Q9P0J1	537.0	1	True	1	71	71	72	537	466	0	0.0	0.0	mito
Q9P0J6	103.0	1	True	1	66	66	67	102	36	103	103.0	1.0	matrix,mito
Q9P0M9	148.0	1	True	1	34	34	35	148	114	0	0.0	0.0	matrix,mito
Q9P0P8	240.0	1	True	1	131	131	132	234	103	235	240.0	6.0	matrix,mito
Q9P0S2	106.0	1	True	1	3	3	4	103	100	104	106.0	3.0	mito
Q9P0S9	112.0	1	True	0	0	0	1	112	112	0	0.0	0.0	mito
Q9P0U1	55.0	1	True	1	5	5	6	53	48	54	55.0	2.0	mito
Q9P291	453.0	1	True	1	191	191	192	452	261	453	453.0	1.0	mito
Q9P2J9	529.0	1	True	1	70	70	71	524	454	525	529.0	5.0	matrix,mito
Q9P2R7	463.0	3	False	1	53	53	54	296	243	297	463.0	167.0	hsp60,matrix,mito
Q9UBJ2	740.0	2	False	1	94	94	95	427	333	428	740.0	313.0	mito
Q9UBQ7	328.0	2	False	1	8	8	9	320	312	321	328.0	8.0	matrix,mito
Q9UBX3	287.0	1	True	1	7	7	8	284	277	285	287.0	3.0	mito
Q9UDR5	926.0	5	False	1	24	24	25	152	128	153	926.0	774.0	matrix,mito
Q9UDW1	63.0	1	True	1	1	1	2	63	62	0	0.0	0.0	mito
Q9UDX5	166.0	1	True	1	17	17	18	156	139	157	166.0	10.0	mito
Q9UF12	460.0	1	True	1	54	54	55	451	397	452	460.0	9.0	mito
Q9UFN0	247.0	2	False	1	25	25	26	136	111	137	247.0	111.0	hsp60,matrix,mito
Q9UG56	409.0	2	False	1	65	65	66	170	105	171	409.0	239.0	mito
Q9UGC7	380.0	3	False	1	60	60	61	123	63	124	380.0	257.0	matrix,mito
Q9UGM6	360.0	2	False	1	35	35	36	358	323	359	360.0	2.0	matrix,mito
Q9UH62	379.0	2	False	1	62	62	63	213	151	214	379.0	166.0	mito
Q9UHK6	382.0	2	False	1	2	2	3	316	314	317	382.0	66.0	matrix,mito
Q9UHN1	485.0	2	False	1	58	58	59	379	321	380	485.0	106.0	matrix,mito
Q9UI09	145.0	1	True	1	1	1	2	91	90	92	145.0	54.0	mito
Q9UI17	866.0	5	False	1	51	51	52	430	379	431	866.0	436.0	matrix,mito
Q9UI32	602.0	3	False	1	68	68	69	149	81	150	602.0	453.0	matrix,mito
Q9UI43	246.0	1	True	1	50	50	51	246	196	0	0.0	0.0	matrix,mito
Q9UIF7	546.0	3	False	1	91	91	92	306	215	307	546.0	240.0	matrix,mito
Q9UII2	106.0	2	False	1	25	25	26	72	47	73	106.0	34.0	matrix,mito
Q9UIJ7	227.0	1	True	1	1	1	2	227	226	0	0.0	0.0	hsp60,matrix,mito
Q9UJ68	235.0	1	True	1	23	23	24	235	212	0	0.0	0.0	matrix,mito
Q9UJA2	301.0	1	True	1	100	100	101	298	198	299	301.0	3.0	mito
Q9UJS0	675.0	3	False	1	5	5	6	88	83	89	675.0	587.0	hsp60,mito
Q9UJZ1	356.0	1	True	1	63	63	64	196	133	197	356.0	160.0	hsp60,mito
Q9UK39	431.0	1	True	1	115	115	116	429	314	430	431.0	2.0	matrix,mito
Q9UKA2	621.0	2	False	1	284	284	285	426	142	427	621.0	195.0	mito
Q9UKG9	612.0	3	False	1	16	16	17	537	521	538	612.0	75.0	mito
Q9UKK9	219.0	1	True	0	0	0	1	208	208	209	219.0	11.0	mito
Q9UKU0	697.0	1	True	1	79	79	80	555	476	556	697.0	142.0	mito
Q9UKU7	415.0	3	False	1	22	22	23	155	133	156	415.0	260.0	matrix,mito
Q9UL12	918.0	5	False	1	68	68	69	446	378	447	918.0	472.0	matrix,mito
Q9ULD0	1010.0	4	False	1	107	107	108	203	96	204	1010.0	807.0	matrix,mito
Q9UMS0	254.0	2	False	1	50	50	51	155	105	156	254.0	99.0	hsp60,matrix,mito
Q9UMX3	212.0	1	True	1	22	22	23	184	162	185	212.0	28.0	mito
Q9UQ90	795.0	4	False	1	152	152	153	249	97	250	795.0	546.0	mito
Q9Y234	373.0	2	False	1	26	26	27	271	245	272	373.0	102.0	matrix,mito
Q9Y241	93.0	1	True	1	26	26	27	90	64	91	93.0	3.0	mito
Q9Y255	219.0	1	True	1	1	1	2	170	169	171	219.0	49.0	mito
Q9Y276	419.0	1	True	1	181	181	182	355	174	356	419.0	64.0	hsp60,mito
Q9Y277	283.0	1	True	0	0	0	1	283	283	0	0.0	0.0	mito
Q9Y291	106.0	2	False	1	5	5	6	50	45	51	106.0	56.0	hsp60,matrix,mito
Q9Y2C4	368.0	2	False	1	58	58	59	298	240	299	368.0	70.0	mito
Q9Y2D0	317.0	1	True	1	38	38	39	303	265	304	317.0	14.0	matrix,mito
Q9Y2Q3	226.0	1	True	1	4	4	5	212	208	213	226.0	14.0	hsp60,matrix,mito
Q9Y2Q9	187.0	1	True	1	79	79	80	172	93	173	187.0	15.0	matrix,mito
Q9Y2R0	106.0	1	True	1	31	31	32	105	74	106	106.0	1.0	mito
Q9Y2R5	130.0	1	True	0	0	0	1	110	110	111	130.0	20.0	hsp60,matrix,mito
Q9Y2R9	242.0	1	True	1	71	71	72	240	169	241	242.0	2.0	matrix,mito
Q9Y2S7	368.0	1	True	1	234	234	235	361	127	362	368.0	7.0	hsp60,matrix,mito
Q9Y2W6	561.0	4	False	1	47	47	48	122	75	123	561.0	439.0	mito
Q9Y2Z2	717.0	4	False	1	29	29	30	259	230	260	717.0	458.0	hsp60,matrix,mito
Q9Y2Z4	477.0	3	False	1	27	27	28	273	246	274	477.0	204.0	hsp60,matrix,mito
Q9Y2Z9	468.0	2	False	1	34	34	35	331	297	332	468.0	137.0	mito
Q9Y305	439.0	2	False	1	96	96	97	243	147	244	439.0	196.0	mito
Q9Y375	327.0	1	True	1	131	131	132	303	172	304	327.0	24.0	mito
Q9Y399	296.0	1	True	1	82	82	83	283	201	284	296.0	13.0	hsp60,matrix,mito
Q9Y3A0	265.0	1	True	1	45	45	46	252	207	253	265.0	13.0	mito
Q9Y3B1	194.0	1	True	1	1	1	2	191	190	192	194.0	3.0	mito
Q9Y3B7	192.0	2	False	1	16	16	17	83	67	84	192.0	109.0	matrix,mito
Q9Y3B8	237.0	1	True	1	31	31	32	223	192	224	237.0	14.0	matrix,mito
Q9Y3D2	182.0	1	True	1	45	45	46	182	137	0	0.0	0.0	matrix,mito
Q9Y3D3	137.0	1	True	0	0	0	1	135	135	136	137.0	2.0	hsp60,matrix,mito
Q9Y3D5	142.0	1	True	1	65	65	66	130	65	131	142.0	12.0	matrix,mito
Q9Y3D6	152.0	1	True	0	0	0	1	152	152	0	0.0	0.0	mito
Q9Y3D7	125.0	1	True	1	53	53	54	114	61	115	125.0	11.0	mito
Q9Y3D9	190.0	1	True	1	65	65	66	128	63	129	190.0	62.0	hsp60,matrix,mito
Q9Y3E2	137.0	1	True	1	30	30	31	118	88	119	137.0	19.0	matrix,mito
Q9Y3E5	179.0	1	True	1	62	62	63	179	117	0	0.0	0.0	mito
Q9Y4W6	797.0	4	False	1	155	155	156	251	96	252	797.0	546.0	hsp60,mito
Q9Y512	469.0	2	False	1	33	33	34	127	94	128	469.0	342.0	hsp60,mito
Q9Y584	194.0	1	True	1	56	56	57	193	137	194	194.0	1.0	mito
Q9Y5J6	103.0	1	True	0	0	0	1	88	88	89	103.0	15.0	mito
Q9Y5J7	89.0	1	True	0	0	0	1	89	89	0	0.0	0.0	mito
Q9Y5J9	83.0	1	True	0	0	0	1	83	83	0	0.0	0.0	hsp60,mito
Q9Y5L4	95.0	1	True	1	30	30	31	94	64	95	95.0	1.0	hsp60,mito
Q9Y5R4	338.0	2	False	1	42	42	43	125	83	126	338.0	213.0	matrix,mito
Q9Y5T4	150.0	1	True	1	81	81	82	148	67	149	150.0	2.0	mito
Q9Y5U8	109.0	1	True	0	0	0	1	108	108	109	109.0	1.0	mito
Q9Y606	427.0	2	False	1	73	73	74	196	123	197	427.0	231.0	matrix,mito
Q9Y619	301.0	1	True	1	1	1	2	298	297	299	301.0	3.0	mito
Q9Y676	258.0	1	True	1	102	102	103	166	64	167	258.0	92.0	matrix,mito
Q9Y697	457.0	2	False	1	59	59	60	421	362	422	457.0	36.0	hsp60,matrix,mito
Q9Y6C9	303.0	1	True	1	3	3	4	289	286	290	303.0	14.0	mito
Q9Y6E7	314.0	2	False	1	53	53	54	306	253	307	314.0	8.0	matrix,mito
Q9Y6G3	142.0	1	True	1	87	87	88	133	46	134	142.0	9.0	matrix,mito
Q9Y6H1	151.0	1	True	1	113	113	114	148	35	149	151.0	3.0	mito
Q9Y6H3	246.0	1	True	1	47	47	48	238	191	239	246.0	8.0	mito
Q9Y6I8	212.0	2	False	1	4	4	5	145	141	146	212.0	67.0	mito
Q9Y6J8	313.0	2	False	1	9	9	10	147	138	148	313.0	166.0	matrix,mito
Q9Y6M9	179.0	2	False	1	11	11	12	74	63	75	179.0	105.0	mito
Q9Y6N1	276.0	1	True	1	139	139	140	272	133	273	276.0	4.0	mito
Q9Y6N5	450.0	2	False	1	45	45	46	360	315	361	450.0	90.0	mito
