uniprot_accession	n_domains	domain_architecture	has_cath_assignment	protein_length
A0A087WU62	2	3.10.450.240|3.10.450.240	True	256
A0A0B4J2F0	0		False	54
A1L188	0		False	74
A3KMH1	4	3.40.50.300|3.40.50.300|3.40.50.300|3.40.50.410	True	1905
A4D1E9	2	2.70.210.12|3.40.50.300	True	387
A6NC05	1	3.40.30.10	True	138
A6NFY7	0		False	115
A6NJ78	2	3.40.50.150|1.10.150.170	True	407
A6NK06	2	1.10.4100.10|3.30.1330.120	True	481
A6NK58	1	3.30.930.10	True	231
A6NNL5	0		False	157
A8MSI8	0		False	78
A8MUP2	1	3.40.50.150	True	240
A8MXV4	1	3.90.79.10	True	375
B4DEF8	1	3.10.450.240	True	329
B4DJ38	3	1.25.40.10|1.25.40.10|1.25.40.10	True	749
G3V325	3	1.25.40.10|1.25.40.10|1.25.40.10	True	749
H0UI37	1	3.40.250.10	True	97
O00142	1	3.40.50.300	True	265
O00154	2	3.10.129.10|3.10.129.10	True	380
O00217	1	3.30.70.3270	True	210
O00330	3	2.40.50.100|4.10.320.10|3.30.559.10	True	501
O00408	3	3.30.450.40|3.30.450.40|1.10.1300.10	True	941
O00411	4	1.25.40.10|1.10.1320.10|1.10.287.280|1.10.150.20	True	1230
O00429	3	3.40.50.300|1.20.120.1240|1.20.120.1240	True	736
O00483	0		False	81
O00746	1	3.30.70.141	True	187
O00763	8	3.40.50.20|3.90.1770.10|3.30.1490.20|3.30.470.20|2.40.50.100|3.90.226.10|2.40.460.10|3.90.226.10	True	2458
O14521	1	1.20.1300.10	True	159
O14548	1	4.10.91.10	True	114
O14561	1	1.10.1200.10	True	156
O14832	1	2.60.120.620	True	338
O14874	2	1.20.140.20|3.30.565.10	True	412
O14880	1	1.20.120.550	True	152
O14925	0		False	209
O14949	1	1.20.5.210	True	82
O14957	1	1.20.5.220	True	56
O15091	2	1.25.40.10|3.40.50.11980	True	583
O15229	1	3.50.50.60	True	486
O15235	1	2.40.50.140	True	138
O15239	0		False	70
O15270	2	3.90.1150.10|3.40.640.10	True	562
O15382	2	3.30.470.10|3.20.10.10	True	392
O15527	3	3.30.310.40|1.10.1670.10|1.10.340.30	True	345
O15528	1	1.10.630.10	True	508
O43169	1	3.10.120.10	True	150
O43181	1	3.30.160.190	True	175
O43236	1	3.40.50.300	True	996
O43272	2	3.20.20.220|3.20.20.220	True	600
O43325	0		False	122
O43464	2	2.40.10.120|2.30.42.10	True	458
O43488	1	3.20.20.100	True	359
O43521	0		False	198
O43572	3	1.10.167.10|1.10.167.10|1.10.167.10	True	662
O43615	1	3.10.450.240	True	452
O43674	0		False	189
O43676	0		False	98
O43677	0		False	76
O43678	1	3.40.30.10	True	99
O43708	2	3.40.30.10|1.20.1050.10	True	216
O43715	0		False	76
O43716	0		False	136
O43766	1	3.20.20.70	True	372
O43772	2	1.50.40.10|1.50.40.10	True	301
O43819	1	3.40.30.10	True	266
O43824	2	3.40.50.11060|3.40.50.300	True	516
O43837	1	3.40.718.10	True	385
O43847	4	3.30.830.10|3.30.830.10|3.30.830.10|3.30.830.10	True	1151
O43865	4	3.40.50.1480|3.40.50.1480|3.40.50.720|3.40.50.1480	True	530
O43920	0		False	106
O60218	1	3.20.20.100	True	316
O60220	1	1.10.287.810	True	97
O60238	1	6.10.250.1020	True	219
O60260	3	3.10.20.90|2.20.25.20|1.20.120.1750	True	465
O60313	1	3.40.50.300	True	960
O60783	1	1.10.287.1480	True	128
O60830	0		False	172
O60930	2	3.40.970.10|3.30.420.10	True	286
O75027	2	1.20.1560.10|3.40.50.300	True	752
O75127	3	1.25.40.10|1.25.40.10|1.25.40.10	True	700
O75208	1	1.10.357.10	True	318
O75251	1	3.40.50.12280	True	213
O75306	1	1.10.645.10	True	463
O75323	2	3.30.70.100|3.30.70.100	True	286
O75380	1	2.60.260.40	True	124
O75390	2	1.10.580.10|1.10.230.10	True	466
O75394	1	2.20.28.120	True	65
O75414	1	3.30.70.141	True	186
O75417	7	3.40.50.300|3.40.50.300|1.10.3380.20|3.30.420.10|1.20.1060.10|3.30.70.370|1.10.150.20	True	2590
O75431	1	1.20.1050.10	True	263
O75438	0		False	58
O75439	2	3.30.830.10|3.30.830.10	True	489
O75489	1	3.30.460.80	True	264
O75521	3	1.20.80.10|3.90.226.10|1.10.12.10	True	394
O75570	4	6.10.140.1950|3.30.70.1660|3.30.160.20|3.30.70.1660	True	445
O75600	2	3.90.1150.10|3.40.640.10	True	419
O75608	1	3.40.50.1820	True	230
O75616	2	3.40.50.300|3.30.300.20	True	437
O75648	3	3.40.50.620|2.30.30.280|2.40.30.10	True	421
O75746	3	1.10.238.10|1.10.238.10|1.50.40.10	True	678
O75828	1	3.40.50.720	True	277
O75879	1	1.10.10.410	True	557
O75880	1	3.40.30.10	True	301
O75891	5	3.40.50.170|3.10.25.10|1.10.1200.10|3.40.605.10|3.40.309.10	True	902
O75947	1	6.10.280.70	True	161
O75964	0		False	103
O76031	2	3.40.50.300|1.10.8.60	True	633
O94761	3	1.10.10.1460|3.40.50.300|3.40.50.300	True	1208
O94826	2	1.25.40.10|1.25.40.10	True	608
O94903	1	3.20.20.10	True	275
O94925	3	1.10.238.210|3.40.710.10|1.25.40.20	True	669
O95139	0		False	128
O95140	2	3.40.50.300|1.20.5.110	True	757
O95167	0		False	84
O95168	0		False	129
O95169	0		False	186
O95178	0		False	105
O95182	0		False	113
O95202	1	1.10.238.10	True	739
O95258	1	1.50.40.10	True	325
O95298	0		False	119
O95299	1	3.40.50.300	True	355
O95363	2	3.30.930.10|3.30.70.380	True	451
O95563	0		False	127
O95571	1	3.60.15.10	True	254
O95721	2	1.20.5.110|1.20.5.110	True	258
O95822	2	1.20.140.90|3.40.630.150	True	493
O95831	3	3.50.50.60|3.50.50.60|3.30.390.30	True	613
O95847	1	1.50.40.10	True	323
O95900	1	3.30.2350.10	True	331
O96000	0		False	172
O96008	1	2.40.160.10	True	361
O96011	0		False	259
P00156	1	1.20.810.10	True	380
P00350	3	3.40.50.720|1.10.1040.10|1.20.5.320	True	468
P00363	4	3.50.50.60|3.90.700.10|1.20.58.100|4.10.80.40	True	602
P00367	3	1.10.287.140|3.40.50.10860|3.40.50.720	True	558
P00387	2	2.40.30.10|3.40.50.80	True	301
P00390	3	3.50.50.60|3.50.50.60|3.30.390.30	True	522
P00393	1	3.50.50.100	True	434
P00395	1	1.20.210.10	True	513
P00403	2	1.10.287.90|2.60.40.420	True	227
P00414	2	1.10.287.70|1.20.120.80	True	261
P00441	1	2.60.40.200	True	154
P00480	2	3.40.50.1370|3.40.50.1370	True	354
P00490	2	3.40.50.2000|3.40.50.2000	True	797
P00505	2	3.90.1150.10|3.40.640.10	True	430
P00846	1	1.20.120.220	True	226
P00944	1	3.20.20.150	True	440
P02794	1	1.20.1260.10	True	183
P02925	2	3.40.50.2300|3.40.50.2300	True	296
P02931	1	2.40.160.10	True	362
P03813	2	3.40.50.1860|3.40.50.1860	True	230
P03886	0		False	318
P03891	0		False	347
P03897	1	1.20.58.1610	True	115
P03901	1	1.10.287.3510	True	98
P03905	0		False	459
P03915	0		False	603
P03923	0		False	174
P03928	0		False	68
P04040	1	2.40.180.10	True	527
P04179	2	1.10.287.990|3.55.40.20	True	222
P04181	2	3.90.1150.10|3.40.640.10	True	439
P05020	1	3.20.20.140	True	348
P05055	4	3.30.230.70|3.30.230.70|3.30.1370.10|2.40.50.140	True	711
P05091	2	3.40.605.10|3.40.309.10	True	517
P05108	1	1.10.630.10	True	521
P05141	1	1.50.40.10	True	298
P05165	5	3.40.50.20|3.30.1490.20|3.30.470.20|3.30.700.30|2.40.50.100	True	728
P05166	2	3.90.226.10|3.90.226.10	True	539
P05496	1	1.20.20.10	True	136
P06576	3	2.40.10.170|3.40.50.300|1.10.1140.10	True	529
P06746	4	1.10.150.110|1.10.150.20|3.30.460.10|3.30.210.10	True	335
P06959	5	2.40.50.100|2.40.50.100|2.40.50.100|4.10.320.10|3.30.559.10	True	630
P06987	3	3.40.50.1000|3.30.230.40|3.30.230.40	True	355
P06996	1	2.40.160.10	True	367
P07108	1	1.20.80.10	True	87
P07148	1	2.40.128.20	True	127
P07195	2	3.40.50.720|3.90.110.10	True	334
P07203	1	3.40.30.10	True	203
P07237	4	3.40.30.10|3.40.30.10|3.40.30.10|3.40.30.10	True	508
P07650	3	1.20.970.10|3.40.1030.10|3.90.1170.30	True	440
P07919	1	1.10.287.20	True	91
P07954	3	1.10.275.10|1.20.200.10|1.10.40.30	True	510
P08202	1	3.40.50.10940	True	500
P08203	1	3.40.225.10	True	231
P08244	1	3.20.20.70	True	245
P08559	1	3.40.50.970	True	390
P08574	2	1.10.760.10|1.20.5.100	True	325
P08622	4	1.10.287.110|2.60.260.20|2.10.230.10|2.60.260.20	True	376
P09001	2	2.40.30.10|2.40.30.10	True	348
P09053	1	3.40.640.10	True	417
P09110	1	3.40.47.10	True	424
P09372	2	3.90.20.20|2.30.22.10	True	197
P09417	1	3.40.50.720	True	244
P09622	3	3.50.50.60|3.50.50.60|3.30.390.30	True	509
P09669	1	4.10.93.10	True	75
P0A6A3	2	3.30.420.40|3.30.420.40	True	400
P0A6B7	2	3.90.1150.10|3.40.640.10	True	404
P0A6C1	1	3.20.20.150	True	285
P0A6D7	1	3.40.50.300	True	173
P0A6J5	3	3.50.50.60|3.50.50.60|3.30.9.10	True	432
P0A6L0	1	3.20.20.70	True	259
P0A6L2	1	3.20.20.70	True	292
P0A6L4	1	3.20.20.70	True	297
P0A6M8	5	3.40.50.300|2.40.30.10|3.30.70.870|3.30.230.10|3.30.70.240	True	704
P0A6P1	4	1.10.8.10|3.30.479.20|3.30.479.20|1.10.286.20	True	283
P0A6P7	1	3.40.50.300	True	210
P0A6P9	2	3.30.390.10|3.20.20.120	True	432
P0A6Q3	1	3.10.129.10	True	172
P0A6T5	2	1.10.286.10|3.30.1130.10	True	222
P0A6U3	4	3.50.50.60|3.50.50.60|1.10.10.1800|1.10.150.570	True	629
P0A6W5	2	1.10.287.180|3.10.50.30	True	158
P0A6Y5	3	3.55.30.10|1.10.287.480|3.90.1280.10	True	292
P0A6Y8	5	3.30.420.40|3.30.420.40|3.90.640.10|2.60.34.10|1.20.1270.10	True	638
P0A6Z6	2	1.10.1220.10|3.30.70.1150	True	133
P0A705	5	3.30.56.50|3.40.50.300|2.40.30.10|3.40.50.10050|2.40.30.10	True	890
P0A707	2	3.10.20.80|3.30.110.10	True	180
P0A715	1	3.20.20.70	True	284
P0A717	2	3.40.50.2020|3.40.50.2020	True	315
P0A722	2	2.160.10.10|1.20.1180.10	True	262
P0A738	1	3.30.70.640	True	161
P0A776	1	3.90.79.10	True	176
P0A799	2	3.40.50.1260|3.40.50.1260	True	387
P0A7A9	1	3.90.80.10	True	176
P0A7D1	1	3.40.50.1470	True	194
P0A7D4	3	3.40.440.10|1.10.300.10|3.90.170.10	True	432
P0A7X6	2	2.40.30.60|2.30.30.240	True	182
P0A7Z4	3	3.30.1360.10|2.170.120.12|1.10.150.20	True	329
P0A805	2	1.10.132.20|3.30.1360.40	True	185
P0A817	3	3.30.300.10|3.30.300.10|3.30.300.10	True	384
P0A825	2	3.90.1150.10|3.40.640.10	True	417
P0A832	1	2.40.280.10	True	160
P0A850	3	3.30.70.1050|1.10.3120.10|3.10.50.40	True	432
P0A853	2	3.90.1150.10|3.40.640.10	True	471
P0A862	1	3.40.30.10	True	168
P0A873	2	3.40.1280.10|1.10.1270.20	True	255
P0A894	1	3.40.50.300	True	284
P0A8E1	1	3.40.50.1820	True	180
P0A8G3	2	3.20.20.140|1.10.2020.10	True	470
P0A8I5	1	3.40.50.150	True	239
P0A8J8	2	3.40.50.300|3.40.50.300	True	421
P0A8M0	2	2.40.50.140|3.30.930.10	True	466
P0A8M3	5	3.10.20.30|3.30.980.10|3.30.54.20|3.30.930.10|3.40.50.800	True	642
P0A8S1	2	1.10.10.10|3.40.190.290	True	297
P0A8T7	10	4.10.860.120|2.40.40.20|1.10.40.90|1.10.274.100|1.10.132.30|2.40.50.100|2.40.50.100|1.10.1790.20|2.40.50.100|1.10.150.390	True	1407
P0A8U2	1	3.60.10.10	True	266
P0A8V2	9	3.90.1100.10|3.90.1110.10|3.90.1100.10|2.30.150.10|2.40.50.100|2.40.50.150|6.10.140.1670|2.40.270.10|3.90.1800.10	True	1342
P0A8W8	2	1.10.287.680|1.10.3190.10	True	164
P0A8Y3	2	3.40.50.1000|1.10.150.240	True	199
P0A910	2	2.40.160.20|3.30.1330.60	True	346
P0A948	1	3.40.630.30	True	194
P0A953	2	3.40.47.10|3.40.47.10	True	406
P0A959	2	3.90.1150.10|3.40.640.10	True	405
P0A991	1	3.20.20.70	True	350
P0A9B2	2	3.40.50.720|3.30.360.10	True	331
P0A9D4	2	1.10.3130.10|2.160.10.10	True	273
P0A9E0	3	2.60.120.280|1.10.10.60|1.10.10.60	True	292
P0A9F3	3	1.10.10.10|3.40.190.10|3.40.190.10	True	324
P0A9H1	1	3.40.470.10	True	168
P0A9J8	4	1.20.59.10|3.40.190.10|3.40.190.10|3.30.70.260	True	386
P0A9K3	1	3.40.50.300	True	346
P0A9L5	1	3.10.50.40	True	93
P0A9M0	6	2.30.130.40|1.20.58.1480|1.20.5.5270|3.40.50.300|1.10.8.60|3.30.230.10	True	784
P0A9N4	1	3.20.20.70	True	246
P0A9P0	3	3.50.50.60|3.50.50.60|3.30.390.30	True	474
P0A9P6	3	3.40.50.300|3.40.50.300|3.30.70.330	True	629
P0A9Q7	4	3.40.605.10|3.40.309.10|3.40.50.1970|1.20.1090.10	True	891
P0A9Q9	2	3.40.50.720|3.30.360.10	True	367
P0A9R7	1	3.40.50.300	True	222
P0A9S3	2	3.90.180.10|3.40.50.720	True	346
P0A9T0	3	3.40.50.720|3.40.50.720|3.30.70.260	True	410
P0A9T4	1	3.20.20.100	True	346
P0A9X4	3	3.30.420.40|3.30.420.40|3.30.420.40	True	347
P0AA16	3	3.40.50.2300|6.10.250.690|1.10.10.10	True	239
P0AA39	2	3.10.290.10|3.30.2350.10	True	319
P0AAG8	2	3.40.50.300|3.40.50.300	True	506
P0AAH0	1	3.40.50.300	True	257
P0AAI5	1	3.40.47.10	True	413
P0AAR3	1	3.90.960.10	True	159
P0AAZ4	4	3.40.50.300|1.10.8.60|1.20.272.10|1.10.3710.10	True	447
P0AB71	1	3.20.20.70	True	359
P0ABD5	1	3.90.226.10	True	319
P0ABF1	2	3.30.460.10|1.10.3090.10	True	465
P0ABH7	3	2.20.28.60|1.10.580.10|1.10.230.10	True	427
P0ABP8	1	3.40.50.1580	True	239
P0ABT2	1	1.20.1260.10	True	167
P0ABT5	2	3.20.20.70|1.10.1200.80	True	321
P0AC41	4	3.50.50.60|3.90.700.10|1.20.58.100|4.10.80.40	True	588
P0AC59	2	3.40.30.10|1.20.1050.10	True	215
P0AC69	1	3.40.30.10	True	115
P0ACB2	1	3.20.20.70	True	324
P0ACB4	1	3.40.50.360	True	181
P0ACI0	3	1.10.10.60|1.10.10.60|3.20.80.10	True	289
P0ACJ8	2	2.60.120.10|1.10.10.10	True	210
P0ACK8	2	1.10.10.10|3.40.50.1360	True	243
P0ACL5	2	1.10.10.10|1.20.120.530	True	254
P0ACQ4	3	1.10.10.10|3.40.190.10|3.40.190.10	True	305
P0AD61	3	3.20.20.60|2.40.33.10|3.40.1380.20	True	470
P0ADG4	2	3.30.540.10|3.40.190.80	True	267
P0AE08	1	3.40.30.10	True	187
P0AE88	3	3.40.50.2300|6.10.250.690|1.10.10.10	True	232
P0AED5	1	3.40.50.2300	True	218
P0AEJ2	1	3.60.120.10	True	391
P0AEJ6	3	2.30.170.30|1.10.220.70|3.20.20.70	True	453
P0AEK2	1	3.40.50.720	True	244
P0AES4	4	3.90.199.10|3.30.1360.40|1.10.268.10|2.120.10.90	True	875
P0AEU7	1	3.30.910.20	True	161
P0AEZ1	1	3.20.20.220	True	296
P0AEZ9	1	3.40.980.10	True	170
P0AF48	1	2.60.120.460	True	138
P0AFD1	2	1.10.10.1590|3.40.30.10	True	166
P0AFG0	2	3.30.70.940|2.30.30.30	True	181
P0AFG3	4	1.10.287.1150|3.40.50.970|3.40.50.12470|3.40.50.11610	True	933
P0AFG6	3	2.40.50.100|4.10.320.10|3.30.559.10	True	405
P0AFG8	3	3.40.50.970|3.40.50.970|3.40.50.920	True	887
P0AFI2	4	3.90.199.10|3.30.1360.40|1.10.268.10|2.120.10.90	True	752
P0AFK0	1	3.30.2290.10	True	450
P0AFQ7	1	3.20.20.140	True	265
P0AFR4	1	3.90.870.10	True	206
P0AFX4	1	1.20.120.1370	True	158
P0AFY8	2	1.10.1220.10|1.20.1380.10	True	181
P0AG24	4	1.10.3210.10|3.30.460.10|3.10.20.30|3.30.70.260	True	702
P0AG30	3	1.10.720.10|2.40.50.140|3.40.50.300	True	419
P0AGG4	2	2.30.30.380|3.40.30.10	True	139
P0AGG8	1	3.30.2290.10	True	481
P0AGJ2	1	3.40.1280.10	True	229
P0AGJ5	2	3.30.1330.30|3.40.1280.10	True	345
P0AGK8	1	1.10.10.10	True	162
P0C0K3	3	3.30.200.70|1.10.510.10|1.20.1270.170	True	328
P0C7M7	2	3.40.50.12780|3.30.300.30	True	580
P0C7P0	2	3.40.5.90|3.40.5.90	True	127
P0C8J6	1	3.20.20.70	True	284
P0C8J8	2	3.20.20.70|1.10.400.20	True	420
P0CE49	0		False	326
P0DJ07	0		False	73
P0DKB6	0		False	136
P0DPI2	1	3.40.50.880	True	268
P0DTT0	5	3.40.50.300|2.40.30.10|3.30.70.870|3.30.70.240|2.40.50.250	True	607
P10109	1	3.10.20.30	True	184
P10176	1	4.10.81.10	True	69
P10415	1	1.10.437.10	True	239
P10515	4	2.40.50.100|2.40.50.100|4.10.320.10|3.30.559.10	True	647
P10606	1	2.60.11.10	True	129
P10620	1	1.20.120.550	True	155
P10809	3	1.10.560.10|3.30.260.10|3.50.7.10	True	573
P11177	2	3.40.50.970|3.40.50.920	True	359
P11182	3	2.40.50.100|4.10.320.10|3.30.559.10	True	482
P11310	3	1.10.540.10|2.40.110.10|1.20.140.10	True	421
P11498	4	3.30.470.20|3.20.20.70|3.10.600.10|2.40.50.100	True	1178
P12074	1	4.10.95.10	True	109
P12235	1	1.50.40.10	True	298
P12236	1	1.50.40.10	True	298
P12694	1	3.40.50.970	True	445
P12998	2	3.90.1150.10|3.40.640.10	True	384
P13033	1	3.50.50.60	True	419
P13051	1	3.40.470.10	True	313
P13073	1	1.10.442.10	True	169
P13196	2	3.40.640.10|3.90.1150.10	True	640
P13804	2	3.40.50.620|3.40.50.1220	True	333
P13857	1	3.40.630.30	True	179
P13995	2	3.40.50.720|3.40.50.10860	True	350
P14324	1	1.10.600.10	True	419
P14406	1	4.10.91.10	True	83
P14735	4	3.30.830.10|3.30.830.10|3.30.830.10|3.30.830.10	True	1019
P14854	1	1.10.10.140	True	86
P14927	1	1.10.1090.10	True	111
P15254	6	1.10.8.750|3.30.1330.10|3.90.650.10|3.30.1330.10|3.90.650.10|3.40.50.880	True	1295
P15538	1	1.10.630.10	True	503
P15954	1	4.10.49.10	True	63
P16219	3	1.10.540.10|2.40.110.10|1.20.140.10	True	412
P16260	1	1.50.40.10	True	332
P17152	0		False	192
P17315	2	2.170.130.10|2.40.170.20	True	663
P17540	2	1.10.135.10|3.30.590.10	True	419
P17568	0		False	137
P17612	2	3.30.200.20|1.10.510.10	True	351
P18859	1	1.10.246.110	True	108
P19099	1	1.10.630.10	True	503
P19404	2	1.10.10.1590|3.40.30.10	True	249
P20674	1	1.25.40.40	True	150
P21151	2	3.40.47.10|3.40.47.10	True	387
P21165	2	3.40.350.10|3.90.230.10	True	443
P21397	4	3.50.50.60|3.90.660.10|1.10.405.10|6.10.250.130	True	527
P21499	3	2.40.50.140|2.40.50.140|2.40.50.140	True	813
P21515	0		False	193
P21549	2	3.90.1150.10|3.40.640.10	True	392
P21796	1	2.40.160.10	True	283
P21912	2	3.10.20.30|1.10.1060.10	True	280
P21953	2	3.40.50.970|3.40.50.920	True	392
P21964	1	3.40.50.150	True	271
P22033	2	3.20.20.240|3.40.50.280	True	750
P22234	3	3.30.200.20|3.30.470.20|3.40.50.1970	True	425
P22307	2	3.40.47.10|3.30.1050.10	True	547
P22333	1	3.20.20.140	True	333
P22557	3	4.10.92.10|3.90.1150.10|3.40.640.10	True	587
P22570	2	3.40.50.720|3.50.50.60	True	491
P22695	2	3.30.830.10|3.30.830.10	True	453
P22830	2	3.40.50.1400|3.40.50.1400	True	423
P23003	2	3.40.50.150|2.40.50.1070	True	366
P23368	2	3.40.50.10380|3.40.50.720	True	584
P23378	4	3.90.1150.10|3.40.640.10|3.40.640.10|3.90.1150.10	True	1020
P23434	1	2.40.50.100	True	173
P23721	2	3.40.640.10|3.90.1150.10	True	362
P23786	4	1.10.275.20|3.30.559.70|1.20.1280.180|3.30.559.10	True	658
P23836	3	3.40.50.2300|6.10.250.690|1.10.10.10	True	223
P23843	3	3.40.190.10|3.90.76.10|3.10.105.10	True	543
P23869	1	2.40.100.10	True	164
P23893	2	3.90.1150.10|3.40.640.10	True	426
P23908	2	3.40.630.10|3.30.70.360	True	383
P23919	1	3.40.50.300	True	212
P24182	3	3.30.470.20|3.30.1490.20|3.30.470.20	True	449
P24310	1	4.10.91.10	True	79
P24311	1	4.10.51.10	True	80
P24539	1	1.20.5.2210	True	256
P24752	1	3.40.47.10	True	427
P25325	2	3.40.250.10|3.40.250.10	True	297
P25397	1	3.40.50.150	True	197
P25705	3	2.40.30.20|3.40.50.300|1.20.150.20	True	553
P25874	1	1.50.40.10	True	307
P25888	2	3.40.50.300|3.40.50.300	True	454
P26440	3	1.10.540.10|2.40.110.10|1.20.140.10	True	426
P26602	1	3.40.1410.10	True	165
P27105	2	3.30.479.30|6.10.250.2090	True	288
P27144	1	3.40.50.300	True	223
P27249	1	1.10.3210.10	True	890
P27294	0		False	216
P27305	1	3.40.50.620	True	308
P27306	3	3.50.50.60|3.50.50.60|3.30.390.30	True	466
P27338	4	3.50.50.60|3.90.660.10|1.10.405.10|6.10.250.130	True	520
P27695	1	3.60.10.10	True	318
P28288	2	1.20.1560.10|3.40.50.300	True	659
P28330	3	1.10.540.10|2.40.110.10|1.20.140.10	True	430
P28331	4	3.10.20.740|3.30.70.20|3.30.200.210|3.40.50.740	True	727
P28838	2	3.40.220.10|3.40.630.10	True	519
P29012	2	3.20.20.10|2.40.37.10	True	356
P29368	2	3.40.50.1820|1.10.10.800	True	286
P29680	1	3.20.20.210	True	354
P29803	1	3.40.50.970	True	388
P30038	2	3.40.605.10|3.40.309.10	True	563
P30041	2	3.40.30.10|3.30.1020.10	True	224
P30042	0		False	0
P30044	1	3.40.30.10	True	214
P30048	1	3.40.30.10	True	256
P30049	2	2.60.15.10|1.20.5.440	True	168
P30084	2	3.90.226.10|1.10.12.10	True	290
P30137	1	3.20.20.70	True	211
P30139	1	3.20.20.70	True	256
P30140	1	3.20.20.70	True	377
P30177	2	1.20.970.10|3.40.1030.10	True	320
P30405	1	2.40.100.10	True	207
P30536	1	1.20.1260.100	True	169
P30745	1	3.20.20.70	True	329
P30837	2	3.40.605.10|3.40.309.10	True	517
P31040	4	3.50.50.60|3.90.700.10|1.20.58.100|4.10.80.40	True	664
P31057	1	3.20.20.60	True	264
P31327	9	3.50.30.20|3.40.50.880|3.40.50.20|3.30.470.20|1.10.1030.10|3.40.50.20|3.30.470.20|3.30.1490.20|3.40.50.1380	True	1500
P31666	1	3.20.20.370	True	409
P31930	2	3.30.830.10|3.30.830.10	True	480
P31937	2	3.40.50.720|1.10.1040.10	True	336
P31979	4	6.10.250.1450|3.40.50.11540|3.10.20.600|1.20.1440.230	True	445
P32119	1	3.40.30.10	True	198
P32322	2	3.40.50.720|1.10.3730.10	True	319
P32677	2	1.10.10.60|1.10.10.60	True	283
P32695	2	3.20.20.70|1.20.120.1460	True	345
P33121	1	3.40.50.12780	True	698
P33232	1	3.20.20.70	True	396
P33316	1	2.70.40.10	True	252
P33371	2	3.20.20.70|1.20.225.30	True	315
P33599	2	3.30.460.80|1.10.645.10	True	596
P33667	1	3.40.250.10	True	364
P33897	1	3.40.50.300	True	745
P34897	2	3.90.1150.10|3.40.640.10	True	504
P34913	3	3.40.50.1000|1.10.150.240|3.40.50.1820	True	555
P35218	1	3.10.200.10	True	305
P35232	1	3.30.479.30	True	272
P35270	1	3.40.50.720	True	261
P35914	1	3.20.20.70	True	325
P36404	1	3.40.50.300	True	184
P36542	2	1.10.287.80|3.40.1380.10	True	298
P36548	1	3.40.630.40	True	289
P36551	1	3.40.1500.10	True	454
P36776	6	2.30.130.40|1.20.58.1480|1.20.5.5270|3.40.50.300|1.10.8.60|3.30.230.10	True	959
P36928	3	3.30.420.40|3.90.640.10|3.30.420.40	True	450
P36957	2	2.40.50.100|3.30.559.10	True	453
P36969	1	3.40.30.10	True	197
P37326	3	3.30.160.390|1.10.150.130|1.10.443.10	True	385
P37339	2	3.50.50.60|3.30.9.10	True	422
P37685	2	3.40.605.10|3.40.309.10	True	512
P37745	1	2.60.120.10	True	185
P37765	2	3.10.290.10|3.30.2350.10	True	291
P38104	2	3.30.390.10|3.20.20.120	True	404
P38117	1	3.40.50.620	True	255
P38646	6	3.30.420.40|3.30.30.30|3.30.420.40|3.90.640.10|2.60.34.10|1.20.1270.10	True	679
P39177	1	3.40.50.620	True	142
P39210	0		False	176
P39406	2	3.40.50.150|3.40.50.150	True	343
P39407	2	3.40.1090.10|3.40.1090.10	True	357
P39408	1	3.20.20.140	True	259
P40305	1	6.10.110.10	True	122
P40926	2	3.40.50.720|3.90.110.10	True	338
P40939	3	3.90.226.10|3.40.50.720|1.10.1040.50	True	763
P41250	5	1.10.287.10|3.30.930.10|3.30.40.230|3.30.720.200|3.40.50.800	True	739
P42126	2	3.90.226.10|6.10.250.170	True	302
P42574	1	3.40.50.1460	True	277
P42596	2	3.40.50.150|3.40.50.150	True	378
P42704	4	1.25.40.10|1.25.40.10|1.25.40.10|1.25.40.10	True	1394
P42765	2	3.40.47.10|3.40.47.10	True	397
P43155	2	3.30.559.10|3.30.559.70	True	626
P43304	4	3.50.50.60|3.30.9.10|1.10.8.870|1.10.238.10	True	727
P43329	3	3.40.50.300|3.40.50.300|1.20.120.1080	True	1300
P43897	3	1.10.8.10|3.30.479.20|3.30.479.20	True	325
P45577	1	1.10.1710.10	True	232
P45578	1	3.30.1360.80	True	171
P45880	1	2.40.160.10	True	294
P45954	3	1.10.540.10|2.40.110.10|1.20.140.10	True	432
P46199	4	3.40.50.300|2.40.30.10|3.40.50.10050|2.40.30.10	True	727
P47985	3	2.10.210.10|1.20.5.270|2.102.10.10	True	274
P48047	1	1.10.520.20	True	213
P48201	1	1.20.20.10	True	142
P48728	4	3.30.1360.120|3.30.70.1400|4.10.1250.10|2.40.30.110	True	403
P48735	1	3.40.718.10	True	452
P49189	2	3.40.605.10|3.40.309.10	True	494
P49247	2	3.40.50.1360|3.30.70.260	True	311
P49327	10	3.40.47.10|3.30.70.3290|3.40.366.10|3.10.129.110|3.40.50.150|3.40.50.720|3.90.180.10|1.10.1200.10|3.40.50.1820|3.40.50.1820	True	2511
P49406	1	2.30.30.790	True	292
P49411	3	3.40.50.300|2.40.30.10|2.40.30.10	True	455
P49419	2	3.40.605.10|3.40.309.10	True	539
P49448	3	1.10.287.140|3.40.50.10860|3.40.50.720	True	558
P49590	2	3.30.930.10|3.40.50.800	True	506
P49675	1	3.30.530.20	True	285
P49748	4	1.10.540.10|2.40.110.10|1.20.140.10|1.20.140.10	True	655
P49753	2	2.60.40.2240|3.40.50.1820	True	483
P49773	1	3.30.428.10	True	126
P49789	1	3.30.428.10	True	147
P49821	3	3.40.50.11540|3.10.20.600|1.20.1440.230	True	464
P49914	1	3.40.50.10420	True	203
P49916	6	3.30.1740.10|1.10.3260.10|3.30.1490.70|3.30.470.30|2.40.50.140|3.40.50.10190	True	1009
P50213	1	3.40.718.10	True	366
P50336	1	3.50.50.60	True	477
P50416	3	6.10.250.1760|3.30.559.10|3.30.559.70	True	773
P50440	1	3.75.10.10	True	423
P50583	1	3.90.79.10	True	147
P51398	0		False	398
P51530	3	3.90.320.10|3.40.50.300|3.40.50.300	True	1060
P51553	1	3.40.718.10	True	393
P51648	2	3.40.605.10|3.40.309.10	True	485
P51649	2	3.40.605.10|3.40.309.10	True	535
P51659	5	3.40.50.720|1.10.287.4290|3.10.129.10|3.10.129.10|3.30.1050.10	True	736
P51687	3	3.10.120.10|3.90.420.10|2.60.40.650	True	545
P51970	0		False	172
P52758	1	3.30.1330.40	True	137
P52815	2	1.20.5.710|3.30.1390.10	True	198
P53007	1	1.50.40.10	True	311
P53370	3	3.40.630.30|3.90.79.10|4.10.80.100	True	316
P53396	5	3.30.470.110|3.40.50.261|3.40.50.720|3.40.50.261|1.10.230.10	True	1101
P53597	2	3.40.50.720|3.40.50.261	True	346
P53701	0		False	268
P54098	5	3.30.420.390|3.30.420.390|1.20.5.3960|3.30.70.370|1.10.150.20	True	1239
P54819	1	3.40.50.300	True	239
P54868	1	3.40.47.10	True	508
P54886	3	3.40.1160.10|3.40.605.10|3.40.309.10	True	795
P55084	1	3.40.47.10	True	474
P55211	2	1.10.533.10|3.40.50.1460	True	416
P55789	1	1.20.120.310	True	205
P55809	2	3.40.1080.10|3.40.1080.10	True	520
P55851	1	1.50.40.10	True	309
P55916	1	1.50.40.10	True	312
P55957	1	1.10.437.10	True	195
P56134	0		False	94
P56181	0		False	108
P56277	1	1.10.287.1130	True	68
P56378	0		False	58
P56381	1	1.10.1620.20	True	51
P56385	0		False	69
P56556	0		False	128
P56962	1	1.20.5.110	True	302
P57105	1	2.30.42.10	True	145
P58557	1	3.40.390.30	True	167
P59942	0		False	119
P60602	0		False	79
P60716	1	3.20.20.70	True	321
P61517	1	3.40.1050.10	True	220
P61604	1	2.30.33.40	True	102
P62072	1	1.10.287.810	True	90
P62244	2	3.30.1370.30|3.30.1490.10	True	130
P62269	2	1.10.8.50|4.10.910.10	True	152
P62593	1	3.40.710.10	True	286
P62707	1	3.40.50.1240	True	250
P63020	2	2.60.300.12|3.30.300.130	True	191
P64530	1	1.20.58.1000	True	90
P64588	1	1.10.10.10	True	207
P68767	2	3.40.220.10|3.40.630.10	True	503
P69408	2	3.40.50.2300|1.10.10.10	True	216
P69776	1	1.20.5.190	True	78
P69783	1	2.70.70.10	True	169
P69908	3	4.10.280.50|3.40.640.10|3.90.1150.160	True	466
P75736	1	3.40.50.1820	True	254
P75821	1	3.40.50.720	True	337
P75823	2	3.40.640.10|3.90.1150.10	True	333
P75849	1	3.60.15.10	True	215
P75864	4	3.30.2130.30|3.40.50.150|3.30.750.80|3.40.50.150	True	702
P75949	1	3.20.20.300	True	341
P76071	0		False	326
P76085	2	3.40.50.12780|3.30.300.30	True	437
P76104	0		False	653
P76116	1	2.130.10.10	True	353
P76143	1	3.20.20.70	True	291
P76187	1	3.20.20.100	True	298
P76250	2	1.10.10.10|3.40.190.290	True	307
P76344	1	2.40.128.20	True	216
P76550	1	1.10.260.40	True	269
P77333	2	1.10.10.10|3.40.190.290	True	299
P77395	3	3.40.30.10|1.25.40.10|1.25.40.10	True	284
P77444	2	3.90.1150.10|3.40.640.10	True	406
P77475	2	3.40.50.1000|1.10.150.240	True	188
P77581	2	3.90.1150.10|3.40.640.10	True	406
P77730	3	1.10.10.10|3.90.1150.10|3.40.640.10	True	468
P77735	1	3.20.20.100	True	324
P77739	2	3.30.200.20|3.90.1200.10	True	286
P78537	0		False	153
P78540	1	3.40.800.10	True	354
P78549	2	1.10.340.30|1.10.1670.10	True	304
P80404	2	3.90.1150.10|3.40.640.10	True	500
P82650	0		False	360
P82663	1	3.40.30.10	True	173
P82664	1	3.30.70.600	True	201
P82673	0		False	323
P82675	2	3.30.160.20|3.30.230.10	True	430
P82909	0		False	103
P82912	1	3.30.420.80	True	194
P82914	1	1.10.287.10	True	257
P82921	1	1.20.5.1150	True	87
P82930	0		False	218
P82932	1	3.30.70.60	True	125
P82933	1	3.30.230.10	True	396
P83111	2	3.40.710.10|3.40.710.10	True	547
P84085	1	3.40.50.300	True	180
P86397	1	3.10.129.10	True	168
P99999	1	1.10.760.10	True	105
Q00059	2	1.10.30.10|1.10.30.10	True	246
Q00325	1	1.50.40.10	True	362
Q02127	1	3.20.20.70	True	395
Q02218	4	1.10.287.1150|3.40.50.970|3.40.50.12470|3.40.50.11610	True	1023
Q02221	1	4.10.95.10	True	97
Q02252	2	3.40.605.10|3.40.309.10	True	535
Q02318	1	1.10.630.10	True	531
Q02338	1	3.40.50.720	True	343
Q02978	1	1.50.40.10	True	314
Q04837	1	2.40.50.140	True	148
Q05932	2	3.40.1190.10|3.90.190.20	True	587
Q06055	1	1.20.20.10	True	141
Q07021	1	3.10.280.10	True	282
Q07812	1	1.10.437.10	True	192
Q07817	1	1.10.437.10	True	233
Q07820	1	1.10.437.10	True	350
Q07973	1	1.10.630.10	True	514
Q08257	2	3.90.180.10|3.40.50.720	True	329
Q08426	3	3.90.226.10|3.40.50.720|1.10.1040.50	True	723
Q08AE8	1	1.10.510.10	True	756
Q08AH1	2	3.40.50.12780|3.30.300.30	True	577
Q08AH3	2	3.40.50.12780|3.30.300.30	True	577
Q08J23	1	3.40.50.150	True	767
Q09013	3	3.30.200.20|1.10.510.10|1.20.5.340	True	629
Q10713	2	3.30.830.10|3.30.830.10	True	525
Q12849	3	3.30.70.330|3.30.70.330|3.30.70.330	True	480
Q12887	1	1.10.357.140	True	443
Q12931	4	3.30.565.10|3.30.230.80|3.40.50.11260|1.20.120.790	True	704
Q12983	1	6.10.250.1020	True	194
Q13011	2	3.90.226.10|1.10.12.10	True	328
Q13057	2	3.40.50.620|3.40.50.300	True	564
Q13084	1	2.30.170.40	True	256
Q13085	8	3.40.50.20|3.90.1770.10|3.30.1490.20|3.30.470.20|2.40.50.100|3.90.226.10|2.40.460.10|3.90.226.10	True	2346
Q13162	1	3.40.30.10	True	271
Q13232	1	3.30.70.141	True	169
Q13268	1	3.40.50.720	True	280
Q13323	0		False	160
Q13405	1	3.30.780.10	True	166
Q13423	3	3.40.50.720|3.40.50.720|3.40.50.1220	True	1086
Q13472	5	3.40.50.140|1.10.460.10|2.70.20.10|1.10.290.10|3.30.65.10	True	1001
Q13505	1	1.20.1050.10	True	466
Q13686	1	2.60.120.590	True	389
Q13794	0		False	54
Q13825	2	3.90.226.10|1.10.12.10	True	339
Q13907	1	3.90.79.10	True	227
Q14061	1	1.10.287.1130	True	63
Q14154	1	1.25.40.10	True	515
Q14197	1	3.30.160.20	True	206
Q14249	1	3.40.570.10	True	297
Q14296	0		False	549
Q14318	2	3.10.50.40|1.25.40.10	True	412
Q14596	4	3.10.20.90|3.30.60.90|2.60.40.10|1.10.8.10	True	966
Q14790	3	1.10.533.10|1.10.533.10|3.40.50.1460	True	479
Q14CZ7	0		False	662
Q15031	4	1.10.730.10|3.40.50.620|3.40.50.620|1.10.730.10	True	903
Q15046	2	2.40.50.140|3.30.930.10	True	597
Q15070	0		False	435
Q15118	2	1.20.140.20|3.30.565.10	True	436
Q15119	2	1.20.140.20|3.30.565.10	True	407
Q15120	2	1.20.140.20|3.30.565.10	True	406
Q15388	1	1.20.960.10	True	145
Q15390	0		False	333
Q15526	0		False	300
Q15785	2	1.25.40.10|1.25.40.10	True	309
Q16134	3	3.50.50.60|3.30.9.90|3.30.70.20	True	617
Q16526	4	3.40.50.620|1.25.40.80|1.25.40.80|1.10.579.10	True	586
Q16540	1	3.30.70.330	True	153
Q16548	1	1.10.437.10	True	175
Q16595	1	3.30.920.10	True	210
Q16611	1	1.10.437.10	True	211
Q16635	0		False	262
Q16654	2	1.20.140.20|3.30.565.10	True	411
Q16698	1	3.40.50.720	True	335
Q16718	0		False	116
Q16740	1	3.90.226.10	True	277
Q16762	2	3.40.250.10|3.40.250.10	True	297
Q16774	1	3.40.50.300	True	197
Q16775	1	3.60.15.10	True	308
Q16795	1	3.40.50.720	True	377
Q16798	2	3.40.50.10380|3.40.50.720	True	604
Q16822	3	3.40.449.10|2.170.8.10|3.90.228.20	True	640
Q16836	2	3.40.50.720|1.10.1040.10	True	314
Q16854	1	3.40.50.300	True	277
Q16881	4	3.40.30.10|3.50.50.60|3.50.50.60|3.30.390.30	True	649
Q16891	0		False	758
Q2M3C7	0		False	1700
Q2QL34	0		False	196
Q2VYF4	0		False	491
Q32NB8	2	3.30.870.10|3.30.870.10	True	556
Q32P41	2	3.30.300.110|3.40.50.150	True	509
Q330K2	1	1.10.600.10	True	333
Q3KQZ1	1	1.50.40.10	True	300
Q3MIX3	0		False	580
Q3SXM5	1	3.40.50.720	True	330
Q3SY17	1	1.50.40.10	True	297
Q3SY69	5	3.40.50.170|3.10.25.10|1.10.1200.10|3.40.605.10|3.40.309.10	True	923
Q3ZCQ8	1	3.40.50.1000	True	353
Q46851	1	3.20.20.100	True	346
Q49AM1	1	1.25.70.10	True	385
Q49B96	0		False	90
Q4G0I0	0		False	132
Q4G0N4	2	3.40.50.10330|2.60.200.30	True	442
Q4G176	2	3.40.50.12780|3.30.300.30	True	576
Q4J6C6	2	3.40.50.1820|2.130.10.120	True	727
Q4U2R6	0		False	128
Q4VC31	0		False	144
Q53FZ2	2	3.40.50.12780|3.30.300.30	True	586
Q53H12	1	3.40.50.10330	True	422
Q53H82	2	3.60.15.10|1.10.10.10	True	288
Q53R41	0		False	847
Q53S33	1	3.30.300.90	True	107
Q53S58	0		False	311
Q567V2	0		False	206
Q56VL3	0		False	154
Q5BKU9	0		False	147
Q5EBM0	1	3.40.50.300	True	449
Q5H9E4	1	1.50.40.10	True	307
Q5HYI7	0		False	312
Q5HYK3	1	3.40.50.150	True	327
Q5JPH6	2	3.40.50.620|1.10.10.350	True	523
Q5JRX3	4	3.30.830.10|3.30.830.10|3.30.830.10|3.30.830.10	True	1037
Q5JTJ3	1	1.10.10.140	True	125
Q5JTZ9	4	3.30.930.10|2.40.30.130|3.30.980.10|3.10.310.40	True	985
Q5RI15	0		False	118
Q5SQH8	0		False	315
Q5ST30	5	3.40.50.620|3.90.740.10|3.90.740.10|3.40.50.620|1.10.730.10	True	1063
Q5SVS4	1	1.50.40.10	True	291
Q5SXM8	0		False	178
Q5T160	3	3.30.1360.70|3.40.50.620|1.10.730.10	True	578
Q5T1C6	1	3.10.129.10	True	240
Q5T2R2	1	1.10.600.10	True	415
Q5T440	1	3.30.1360.120	True	356
Q5T653	2	2.40.50.140|2.30.30.30	True	305
Q5T9A4	1	3.40.50.300	True	648
Q5TC12	0		False	328
Q5TEU4	1	3.40.50.150	True	345
Q5TGZ0	0		False	78
Q5THJ4	1	1.10.8.10	True	4388
Q5U5X0	0		False	104
Q5VT66	0		False	337
Q5VTE6	1	3.60.10.10	True	544
Q5VUM1	0		False	108
Q5VWZ2	1	3.40.50.1820	True	237
Q5XKP0	0		False	118
Q68CK6	2	3.40.50.12780|3.30.300.30	True	577
Q6DKK2	1	1.25.40.10	True	380
Q6IAN0	1	3.40.50.720	True	325
Q6IB77	1	3.40.630.30	True	296
Q6IN84	2	3.30.1330.30|3.40.1280.10	True	353
Q6IPR1	0		False	90
Q6J4K2	2	1.20.1420.30|1.20.1420.30	True	584
Q6JQN1	7	3.40.50.1000|1.10.150.240|3.30.200.20|3.90.1200.10|1.10.540.10|2.40.110.10|1.20.140.10	True	1059
Q6KCM7	3	1.10.238.10|1.10.238.10|1.50.40.10	True	469
Q6L8Q7	1	3.60.10.10	True	609
Q6NUI2	0		False	795
Q6NUK1	3	1.10.238.10|1.10.238.10|1.50.40.10	True	477
Q6NUN0	2	3.40.50.12780|3.30.300.30	True	579
Q6NVY1	1	3.90.226.10	True	386
Q6P087	1	3.30.2350.10	True	351
Q6P161	0		False	138
Q6P1L8	1	2.40.150.20	True	145
Q6P1Q0	0		False	360
Q6P1S2	1	2.40.50.90	True	294
Q6P1X6	0		False	216
Q6P444	0		False	385
Q6P4A7	0		False	337
Q6P4F2	1	3.10.20.30	True	183
Q6P4H8	1	3.40.50.150	True	233
Q6P587	1	3.90.850.10	True	221
Q6PI48	3	2.40.50.140|3.30.930.10|3.30.1360.30	True	645
Q6PI78	0		False	240
Q6PIV7	1	1.50.40.10	True	304
Q6PML9	2	3.90.530.10|1.20.1510.10	True	568
Q6Q0C1	2	1.50.40.10|1.50.40.10	True	308
Q6UB28	1	3.90.230.10	True	335
Q6UB35	6	3.40.50.10860|3.40.50.720|3.40.50.300|1.10.8.770|3.40.50.300|3.10.410.10	True	978
Q6UW68	0		False	189
Q6UW78	0		False	93
Q6UWS5	0		False	81
Q6UXN7	1	1.20.960.10	True	152
Q6UXV4	0		False	268
Q6YFQ2	1	1.10.10.140	True	88
Q6YN16	2	3.40.50.720|3.30.1050.10	True	418
Q6YP21	2	3.90.1150.10|3.40.640.10	True	454
Q6ZT89	1	1.50.40.10	True	311
Q709F0	5	3.30.200.20|3.90.1200.10|1.10.540.10|2.40.110.10|1.20.140.10	True	780
Q70CQ3	1	3.90.70.10	True	517
Q70HW3	1	1.50.40.10	True	274
Q7KZF4	6	2.40.50.90|2.40.50.90|2.40.50.90|2.40.50.90|2.40.50.90|2.30.30.140	True	910
Q7KZN9	0		False	410
Q7L0Y3	1	3.40.1280.30	True	403
Q7L2E3	5	3.30.160.20|3.30.160.20|3.40.50.300|3.40.50.300|1.20.120.1080	True	1194
Q7L311	1	1.25.10.10	True	632
Q7L3T8	2	3.30.930.10|3.40.50.800	True	475
Q7L3V2	0		False	364
Q7L4E1	0		False	593
Q7L4S7	0		False	300
Q7L592	1	3.40.50.12710	True	441
Q7L8L6	0		False	764
Q7Z2W9	0		False	205
Q7Z3D6	3	3.40.1640.10|3.30.2040.10|3.90.1640.20	True	616
Q7Z434	1	1.10.533.10	True	540
Q7Z4L0	1	4.10.81.10	True	72
Q7Z4W1	1	3.40.50.720	True	244
Q7Z5L4	0		False	167
Q7Z695	0		False	626
Q7Z6M4	1	1.25.70.10	True	381
Q7Z7F7	1	6.20.130.20	True	128
Q7Z7H8	1	3.30.70.1730	True	261
Q7Z7K0	0		False	106
Q86SX6	1	3.40.30.10	True	157
Q86TS9	0		False	123
Q86TW2	1	1.10.510.10	True	530
Q86U28	1	2.60.300.12	True	154
Q86U90	1	3.90.870.10	True	279
Q86UA3	0		False	0
Q86UT6	2	3.40.50.300|3.80.10.10	True	975
Q86UY8	1	3.40.50.1000	True	548
Q86VD7	1	1.50.40.10	True	318
Q86VU5	1	3.40.50.150	True	262
Q86WA6	1	3.40.50.1820	True	291
Q86WU2	5	3.30.43.10|3.30.465.10|3.30.70.2190|3.30.70.2740|1.10.45.10	True	507
Q86WW8	0		False	74
Q86X67	2	3.90.79.20|3.90.79.10	True	352
Q86X76	1	3.60.110.10	True	327
Q86XE3	2	1.10.238.10|1.10.238.10	True	530
Q86XE5	1	3.20.20.70	True	327
Q86Y39	0		False	141
Q86Y79	1	3.40.50.1470	True	214
Q86YB7	2	3.90.226.10|1.10.12.10	True	292
Q86YH6	1	1.10.600.10	True	399
Q8IUA7	2	3.40.50.300|3.40.50.300	True	1624
Q8IUX1	0		False	230
Q8IVH4	3	1.20.5.170|3.40.50.300|1.10.287.130	True	418
Q8IVP5	0		False	155
Q8IVS2	2	3.40.366.10|3.30.70.250	True	390
Q8IVS8	2	3.40.50.10180|3.40.1480.10	True	523
Q8IW45	1	3.40.1190.20	True	347
Q8IWA4	2	3.40.50.300|1.20.5.110	True	741
Q8IWL3	2	1.10.287.110|1.20.1280.20	True	235
Q8IWW8	2	3.40.50.1970|1.20.1090.10	True	467
Q8IXI1	4	3.40.50.300|1.10.238.10|1.10.238.10|3.40.50.300	True	618
Q8IXI2	4	3.40.50.300|1.10.238.10|1.10.238.10|3.40.50.300	True	618
Q8IXL7	1	2.170.150.20	True	192
Q8IXM3	0		False	137
Q8IXQ9	1	3.40.50.150	True	262
Q8IYB8	5	1.10.1740.140|1.20.272.40|3.40.50.300|3.40.50.300|1.20.58.1080	True	786
Q8IYQ7	4	3.40.50.300|3.90.1380.10|3.40.50.1100|3.40.50.1100	True	743
Q8IYU8	2	1.10.238.10|1.10.238.10	True	434
Q8N0U4	1	2.160.20.120	True	392
Q8N0V3	1	3.30.300.20	True	343
Q8N0X4	1	3.20.20.60	True	340
Q8N0Z8	2	3.30.70.580|3.30.70.660	True	303
Q8N159	2	3.40.1160.10|3.40.630.30	True	534
Q8N183	0		False	169
Q8N1Q8	1	3.10.129.10	True	247
Q8N2A8	1	3.30.870.10	True	252
Q8N2F6	2	1.25.10.10|1.25.10.10	True	343
Q8N3J2	0		False	472
Q8N3J5	1	3.60.40.10	True	372
Q8N3R3	0		False	496
Q8N3Z0	1	2.40.10.10	True	413
Q8N413	1	1.50.40.10	True	288
Q8N442	5	3.40.50.300|2.40.30.10|3.30.70.870|3.30.70.240|3.30.70.2570	True	669
Q8N465	5	3.30.43.10|3.30.465.10|3.30.70.2190|3.30.70.2740|1.10.45.10	True	521
Q8N490	1	3.60.15.10	True	385
Q8N4E7	1	1.20.1260.10	True	242
Q8N4H5	0		False	51
Q8N4Q0	2	3.90.180.10|3.40.50.720	True	377
Q8N4Q1	1	1.10.287.2900	True	142
Q8N4T8	1	3.40.50.720	True	237
Q8N573	1	3.10.350.10	True	874
Q8N5G0	0		False	67
Q8N5M1	2	3.30.2180.10|1.10.3580.10	True	289
Q8N5N7	0		False	158
Q8N5S1	1	1.50.40.10	True	370
Q8N5Z0	1	3.40.640.10	True	425
Q8N8Q8	0		False	333
Q8N8R3	1	1.50.40.10	True	303
Q8N8R5	0		False	385
Q8N945	0		False	189
Q8N983	1	3.40.30.10	True	215
Q8N9F0	1	3.40.630.30	True	302
Q8NAN2	0		False	632
Q8NBN7	1	3.40.50.720	True	331
Q8NBU5	2	3.40.50.300|1.10.8.60	True	361
Q8NC60	1	3.40.50.300	True	698
Q8NCN5	5	3.50.50.60|3.30.9.10|3.30.1360.120|3.30.70.1400|2.40.30.110	True	879
Q8NCW5	1	3.40.50.10260	True	288
Q8NE22	1	2.170.270.10	True	299
Q8NE62	2	3.50.50.60|3.30.560.10	True	594
Q8NE86	0		False	351
Q8NFF5	2	3.40.980.10|3.40.50.620	True	587
Q8NFU3	1	3.40.250.10	True	115
Q8NFV4	1	3.40.50.1820	True	306
Q8NI37	1	3.60.40.10	True	304
Q8NI60	0		False	647
Q8TAA5	2	3.90.20.20|2.30.22.10	True	225
Q8TAE8	1	6.10.280.120	True	222
Q8TB22	3	3.40.30.10|1.50.10.10|1.50.10.10	True	786
Q8TB36	2	3.40.30.10|1.20.1050.10	True	358
Q8TB37	1	3.40.50.300	True	319
Q8TBP6	1	1.50.40.10	True	338
Q8TCC3	1	3.30.1390.20	True	161
Q8TCG5	3	6.10.250.1760|3.30.559.10|3.30.559.70	True	803
Q8TCS8	5	3.30.230.70|1.10.10.400|3.30.230.70|3.30.1370.10|2.40.50.140	True	783
Q8TD22	0		False	340
Q8TD30	3	3.90.1150.10|1.10.287.1970|3.40.640.10	True	523
Q8TDB4	0		False	240
Q8TF08	1	4.10.51.10	True	81
Q8WUD6	1	1.20.120.1760	True	406
Q8WUK0	1	3.90.190.10	True	201
Q8WUT9	1	1.50.40.10	True	341
Q8WV60	1	1.25.40.10	True	388
Q8WV74	1	3.90.79.10	True	236
Q8WV93	1	3.40.50.300	True	481
Q8WVC6	1	3.40.50.300	True	231
Q8WVM0	2	3.40.50.150|1.10.8.100	True	346
Q8WW59	1	2.60.120.920	True	207
Q8WWC4	0		False	291
Q8WWR8	2	2.120.10.10|2.120.10.10	True	484
Q8WWV3	2	3.90.180.10|3.40.50.720	True	396
Q8WXI4	3	3.10.129.10|3.10.129.10|3.30.530.20	True	607
Q8WYQ3	0		False	142
Q92506	1	3.40.50.720	True	261
Q92523	3	6.10.250.1760|3.30.559.10|3.30.559.70	True	772
Q92552	1	1.25.40.10	True	414
Q92665	0		False	395
Q92667	3	3.30.1370.10|2.40.50.90|2.30.30.140	True	903
Q92843	1	1.10.437.10	True	193
Q92934	0		False	168
Q92947	3	1.10.540.10|2.40.110.10|1.20.140.10	True	438
Q969G6	1	2.40.30.30	True	155
Q969M1	1	2.40.160.10	True	308
Q969P6	4	2.170.11.10|1.10.10.41|3.90.15.10|1.10.132.10	True	601
Q969Q5	1	3.40.50.300	True	203
Q969S9	5	3.40.50.300|2.40.30.10|3.30.70.870|3.30.230.10|3.30.70.240	True	779
Q969V5	1	3.30.40.10	True	352
Q969Y2	3	3.30.1360.120|1.20.120.430|3.40.50.300	True	492
Q969Z0	0		False	631
Q969Z3	0		False	335
Q96A26	0		False	154
Q96A35	1	2.30.30.30	True	216
Q96A46	2	1.50.40.10|1.50.40.10	True	364
Q96AB3	1	3.40.50.850	True	205
Q96AG3	2	1.50.40.10|1.50.40.10	True	418
Q96AN5	0		False	459
Q96AQ8	1	1.20.5.340	True	359
Q96AY3	5	3.10.50.40|3.10.50.40|3.10.50.40|3.10.50.40|1.10.238.10	True	582
Q96B49	0		False	74
Q96B77	0		False	213
Q96BP2	0		False	118
Q96BQ5	0		False	260
Q96BR5	1	1.25.40.10	True	231
Q96BW9	0		False	452
Q96C01	0		False	138
Q96C03	2	1.10.1410.40|3.30.460.90	True	454
Q96C36	2	3.40.50.720|1.10.3730.10	True	320
Q96CB9	2	6.20.240.40|3.40.50.150	True	384
Q96CM3	1	3.30.2350.10	True	377
Q96CM8	4	3.40.50.980|3.40.50.980|2.30.38.10|3.30.300.30	True	615
Q96CQ1	1	1.50.40.10	True	311
Q96CU9	2	3.50.50.60|3.30.9.10	True	486
Q96D53	0		False	544
Q96DA6	1	1.10.287.110	True	116
Q96DB5	1	1.25.40.10	True	314
Q96DC8	2	3.90.226.10|1.10.12.10	True	303
Q96DP5	1	3.40.50.12230	True	389
Q96DU9	4	3.30.70.330|3.30.70.330|3.30.70.330|3.30.70.330	True	382
Q96DV4	1	3.90.280.10	True	380
Q96DW6	2	1.50.40.10|1.50.40.10	True	304
Q96E11	2	1.10.132.20|3.30.1360.40	True	262
Q96E29	1	1.25.70.10	True	417
Q96E52	1	3.30.2010.10	True	524
Q96EH3	1	3.30.460.10	True	234
Q96EL2	0		False	167
Q96EL3	1	3.40.30.10	True	112
Q96ER9	0		False	411
Q96EY1	4	1.10.287.110|2.60.260.20|2.10.230.10|2.60.260.20	True	480
Q96EY7	2	1.25.40.10|1.25.40.10	True	689
Q96EY8	1	1.20.1200.10	True	250
Q96GA7	2	3.40.50.1100|3.40.50.1100	True	329
Q96GC5	1	3.30.70.600	True	212
Q96GE9	0		False	116
Q96GJ1	2	3.40.50.150|2.40.50.1070	True	504
Q96GK7	1	3.90.850.10	True	314
Q96GW9	3	3.40.50.620|2.170.220.10|1.10.730.10	True	593
Q96H55	6	3.40.850.10|1.10.10.820|1.20.120.720|1.20.58.530|1.20.5.4820|1.20.5.190	True	970
Q96H78	2	1.50.40.10|1.50.40.10	True	314
Q96H96	1	1.10.357.140	True	371
Q96HP4	2	2.40.30.10|3.40.50.80	True	312
Q96HS1	1	3.40.50.1240	True	289
Q96HY7	4	1.10.287.1150|3.40.50.970|3.40.50.12470|3.40.50.11610	True	919
Q96I23	1	2.20.25.10	True	114
Q96I36	0		False	57
Q96I51	2	2.130.10.30|2.130.10.30	True	464
Q96I59	2	2.40.50.140|3.30.930.10	True	477
Q96I99	3	3.30.470.20|3.30.1490.20|3.40.50.261	True	432
Q96IL0	0		False	206
Q96IR7	2	3.10.180.10|3.10.180.10	True	371
Q96IX5	0		False	58
Q96JX3	2	1.25.10.10|3.40.50.1820	True	654
Q96KF7	0		False	97
Q96KJ9	1	1.10.442.10	True	171
Q96KR6	0		False	192
Q96LJ7	1	3.40.50.720	True	313
Q96LL9	1	1.10.287.110	True	226
Q96LU5	1	2.10.109.10	True	166
Q96LW4	0		False	560
Q96MF6	1	3.30.530.20	True	247
Q96N28	0		False	172
Q96NB2	0		False	322
Q96ND0	1	6.10.140.1430	True	272
Q96NN9	4	2.102.10.10|3.50.50.60|3.50.50.60|3.30.390.30	True	605
Q96PE7	1	3.10.180.10	True	176
Q96PG8	0		False	261
Q96PN6	3	3.30.70.1230|3.30.70.1230|3.40.50.300	True	1610
Q96Q11	2	3.30.460.10|1.10.3090.10	True	434
Q96QE5	1	3.30.420.10	True	360
Q96QU6	2	3.90.1150.10|3.40.640.10	True	501
Q96RP9	5	3.40.50.300|2.40.30.10|3.30.70.870|3.30.230.10|3.30.70.240	True	751
Q96RQ3	3	3.30.470.20|3.30.700.40|2.40.50.100	True	725
Q96RR1	2	3.40.1360.10|3.40.50.300	True	684
Q96ST8	0		False	783
Q96SZ6	2	3.40.50.12160|3.80.30.20	True	601
Q96T52	1	2.10.109.10	True	175
Q96T66	1	3.40.50.620	True	252
Q96TA2	3	3.40.50.300|1.10.8.60|1.20.58.760	True	773
Q96TC7	1	1.25.40.10	True	470
Q99390	2	3.40.50.1820|1.10.10.800	True	286
Q99497	1	3.40.50.880	True	189
Q99551	2	1.25.70.10|1.25.70.10	True	399
Q99595	0		False	171
Q99623	1	3.30.479.30	True	299
Q99643	2	1.20.5.540|1.20.1300.10	True	169
Q99714	1	3.40.50.720	True	261
Q99757	1	3.40.30.10	True	166
Q99766	1	3.80.10.10	True	200
Q99797	3	1.10.1370.40|1.10.1370.10|3.40.390.10	True	713
Q99798	4	3.30.499.10|3.40.1060.10|3.30.499.10|3.20.19.10	True	780
Q99807	0		False	217
Q9BPW8	2	3.30.70.100|3.30.70.100	True	284
Q9BPX6	2	1.10.238.10|1.10.238.10	True	476
Q9BQ48	1	1.10.287.3980	True	92
Q9BQ52	2	3.60.15.10|3.60.15.10	True	826
Q9BQ69	1	3.40.220.10	True	325
Q9BQ95	0		False	431
Q9BQC6	0		False	102
Q9BQD7	1	3.40.50.150	True	235
Q9BQP7	1	3.90.320.10	True	344
Q9BQT8	2	1.50.40.10|1.50.40.10	True	299
Q9BRQ6	0		False	235
Q9BRQ8	1	3.50.50.100	True	373
Q9BRT2	0		False	126
Q9BRX8	0		False	229
Q9BS92	2	3.30.70.100|3.30.70.100	True	247
Q9BSE5	1	3.40.800.10	True	352
Q9BSF4	0		False	260
Q9BSH4	3	1.10.10.200|3.30.70.980|3.30.70.980	True	297
Q9BSH5	2	3.40.50.1000|1.10.150.720	True	251
Q9BSK2	2	1.50.40.10|1.50.40.10	True	321
Q9BSY4	2	1.10.287.2900|1.10.287.2900	True	110
Q9BT17	2	3.40.50.300|1.10.1580.10	True	334
Q9BT30	1	2.60.120.590	True	221
Q9BTZ2	1	3.40.50.720	True	278
Q9BU61	1	3.40.1230.10	True	184
Q9BUB7	0		False	260
Q9BUE6	1	2.60.300.12	True	129
Q9BUK0	1	1.10.287.1130	True	85
Q9BUP0	1	1.10.238.10	True	239
Q9BUP3	1	3.40.50.720	True	242
Q9BUR5	0		False	198
Q9BUT9	0		False	160
Q9BUV8	0		False	137
Q9BV35	3	1.10.238.10|1.10.238.10|1.50.40.10	True	468
Q9BV79	2	3.90.180.10|3.40.50.720	True	373
Q9BVL4	0		False	0
Q9BVS5	2	3.10.330.20|3.40.50.150	True	477
Q9BVV7	1	3.10.450.320	True	248
Q9BW72	1	6.10.140.1320	True	106
Q9BW91	1	3.90.79.10	True	350
Q9BW92	4	3.10.20.30|3.30.980.10|3.30.930.10|3.40.50.800	True	718
Q9BWH2	0		False	189
Q9BWM7	0		False	321
Q9BX68	1	3.30.428.10	True	163
Q9BXK5	1	1.10.437.10	True	485
Q9BXM7	1	1.10.510.10	True	581
Q9BXR0	1	3.20.20.105	True	403
Q9BXW6	5	1.25.40.20|1.25.40.20|2.30.29.30|2.40.160.120|3.30.70.3490	True	950
Q9BXW7	2	3.40.50.1000|3.40.50.1000	True	423
Q9BYC2	2	3.40.1080.10|3.40.1080.10	True	517
Q9BYC8	0		False	188
Q9BYC9	1	1.10.1900.20	True	149
Q9BYD1	1	3.90.1180.10	True	178
Q9BYD2	1	3.40.5.10	True	267
Q9BYD3	1	3.40.1370.10	True	311
Q9BYD6	2	3.30.190.20|3.40.50.790	True	325
Q9BYN8	0		False	205
Q9BYT8	3	1.20.1050.40|1.10.1370.10|3.40.390.10	True	704
Q9BYV1	2	3.90.1150.10|3.40.640.10	True	514
Q9BYV7	0		False	579
Q9BYZ2	2	3.40.50.720|3.90.110.10	True	381
Q9BZ23	2	3.30.420.510|3.30.420.40	True	570
Q9BZE1	0		False	423
Q9BZJ4	2	1.50.40.10|1.50.40.10	True	359
Q9C002	0		False	83
Q9GZT3	1	3.30.70.330	True	109
Q9GZT6	1	1.20.5.340	True	254
Q9GZT8	2	3.40.1390.30|3.40.1390.30	True	377
Q9GZY4	0		False	146
Q9GZY8	0		False	342
Q9H019	0		False	292
Q9H061	0		False	195
Q9H078	4	1.25.40.20|1.25.40.20|3.40.50.300|1.10.8.60	True	707
Q9H0C2	1	1.50.40.10	True	315
Q9H0N5	1	3.30.1360.20	True	130
Q9H0R6	1	3.90.1300.10	True	528
Q9H0U6	1	3.30.420.80	True	180
Q9H1K1	1	3.90.1010.10	True	167
Q9H1K4	1	1.50.40.10	True	315
Q9H1U9	1	1.50.40.10	True	297
Q9H2D1	1	1.50.40.10	True	315
Q9H2K0	2	3.10.20.80|3.30.110.10	True	278
Q9H2U2	1	3.90.80.10	True	334
Q9H2W6	1	3.90.79.10	True	279
Q9H300	1	1.20.1540.10	True	379
Q9H3H1	3	3.40.50.300|1.10.20.140|3.30.160.60	True	467
Q9H3J6	1	3.30.160.20	True	166
Q9H3K2	0		False	345
Q9H3L0	0		False	296
Q9H4A6	1	1.10.3630.10	True	298
Q9H4B0	2	3.30.420.40|3.30.420.40	True	414
Q9H4I8	1	3.40.50.1820	True	314
Q9H4I9	0		False	107
Q9H4K7	2	2.70.210.12|3.40.50.300	True	406
Q9H5Q4	1	3.40.50.150	True	396
Q9H611	2	3.40.50.300|3.40.50.300	True	641
Q9H649	2	6.20.240.40|3.40.50.150	True	340
Q9H6K4	0		False	179
Q9H6R3	2	3.40.50.12780|3.30.300.30	True	686
Q9H7H0	1	3.40.50.150	True	456
Q9H7Z7	3	3.40.30.10|6.20.200.30|1.20.1050.10	True	377
Q9H825	1	3.40.50.150	True	291
Q9H845	4	1.10.540.10|2.40.110.10|1.20.140.10|1.20.140.10	True	621
Q9H857	1	3.40.50.1000	True	520
Q9H8M1	1	3.30.530.20	True	238
Q9H903	2	3.40.50.720|3.40.50.10860	True	347
Q9H936	1	1.50.40.10	True	323
Q9H9B4	0		False	322
Q9H9J2	2	1.10.1520.10|3.30.160.20	True	332
Q9H9P8	2	3.50.50.60|3.30.9.10	True	463
Q9HA77	2	3.40.50.620|1.20.120.1910	True	564
Q9HA92	1	3.20.20.70	True	442
Q9HAC7	2	3.40.50.10540|3.30.1540.10	True	438
Q9HAV7	2	3.90.20.20|2.30.22.10	True	217
Q9HBH1	1	3.90.45.10	True	243
Q9HBH5	1	3.40.50.720	True	336
Q9HBL7	0		False	147
Q9HC21	1	1.50.40.10	True	320
Q9HC36	2	3.30.1330.30|3.40.1280.10	True	420
Q9HC38	2	3.10.180.10|3.10.180.10	True	313
Q9HCC0	2	3.90.226.10|3.90.226.10	True	563
Q9HCL2	0		False	828
Q9HD23	2	2.40.128.330|1.20.58.340	True	443
Q9HD33	1	6.10.330.20	True	250
Q9HD34	0		False	91
Q9HD36	1	1.10.437.10	True	204
Q9NNW7	3	3.50.50.60|3.50.50.60|3.30.390.30	True	524
Q9NNZ3	1	1.10.287.110	True	241
Q9NP58	2	1.20.1560.10|3.40.50.300	True	842
Q9NP80	1	3.40.1090.10	True	782
Q9NP81	2	1.10.287.40|3.30.930.10	True	518
Q9NP92	0		False	439
Q9NPB1	2	3.40.50.1000|1.10.40.40	True	228
Q9NPE2	0		False	291
Q9NPH0	1	3.40.50.1240	True	428
Q9NPJ3	1	3.10.129.10	True	140
Q9NPL8	0		False	285
Q9NQ50	1	6.10.250.3440	True	206
Q9NQE9	1	3.30.428.10	True	182
Q9NQG6	2	1.10.1410.40|3.30.460.90	True	463
Q9NQH7	2	3.40.350.10|3.90.230.10	True	507
Q9NQR4	1	3.60.110.10	True	276
Q9NQZ5	1	3.30.530.20	True	370
Q9NR28	1	1.20.58.70	True	239
Q9NR77	0		False	195
Q9NRA0	2	3.40.50.10330|2.60.200.40	True	654
Q9NRD5	2	2.30.42.10|1.20.1270.60	True	415
Q9NRG7	1	3.40.50.720	True	293
Q9NRK6	2	1.20.1560.10|3.40.50.300	True	738
Q9NRN9	1	3.40.50.150	True	209
Q9NRP2	0		False	79
Q9NRP4	0		False	125
Q9NRV9	1	3.20.80.10	True	189
Q9NRX2	1	3.90.1030.10	True	175
Q9NRY6	0		False	295
Q9NRZ5	0		False	378
Q9NS18	1	3.40.30.10	True	164
Q9NS69	0		False	142
Q9NSE4	5	3.40.50.620|3.90.740.10|1.10.10.830|3.40.50.620|1.10.730.20	True	1012
Q9NTG7	2	3.40.50.1220|3.30.1600.10	True	399
Q9NTX5	1	3.90.226.10	True	307
Q9NU23	0		False	88
Q9NUB1	2	3.40.50.12780|3.30.300.30	True	689
Q9NUJ1	1	3.40.50.1820	True	306
Q9NUL7	2	3.40.50.300|3.40.50.300	True	540
Q9NUQ2	0		False	364
Q9NUT2	2	1.20.1560.10|3.40.50.300	True	735
Q9NVA1	0		False	299
Q9NVH0	1	3.30.420.10	True	621
Q9NVH1	1	1.10.287.110	True	559
Q9NVH6	2	3.30.2020.30|3.60.130.10	True	421
Q9NVI7	1	3.40.50.300	True	586
Q9NVS2	1	4.10.640.10	True	196
Q9NVS9	1	2.30.110.10	True	261
Q9NVV4	2	3.30.460.10|1.10.1410.10	True	582
Q9NW81	1	3.80.10.10	True	257
Q9NWR8	0		False	336
Q9NWS8	0		False	449
Q9NWT8	0		False	199
Q9NWU1	2	3.40.47.10|3.40.47.10	True	459
Q9NWU5	1	3.90.470.10	True	206
Q9NWX6	1	3.30.70.3000	True	298
Q9NX14	0		False	153
Q9NX18	1	1.10.150.250	True	166
Q9NX20	1	3.90.1170.10	True	251
Q9NX36	1	1.10.287.110	True	388
Q9NX40	0		False	245
Q9NX47	1	3.30.40.10	True	278
Q9NX63	0		False	227
Q9NX74	2	3.20.20.70|3.30.160.20	True	493
Q9NXA8	2	3.40.50.1220|3.30.1600.10	True	310
Q9NXH9	3	3.40.50.150|3.30.56.70|4.10.1000.10	True	659
Q9NYJ1	0		False	87
Q9NYK5	2	3.10.20.30|3.30.980.10	True	338
Q9NYQ3	1	3.20.20.70	True	351
Q9NYY8	0		False	710
Q9NYZ2	2	1.50.40.10|1.50.40.10	True	338
Q9NZ45	1	3.40.5.90	True	108
Q9NZB8	2	3.20.20.70|3.30.70.640	True	636
Q9NZE8	1	4.10.410.60	True	188
Q9NZJ6	1	3.40.50.150	True	369
Q9NZJ7	1	1.50.40.10	True	389
Q9P015	1	3.100.10.10	True	296
Q9P032	0		False	175
Q9P0J0	0		False	144
Q9P0J1	1	3.60.40.10	True	537
Q9P0J6	0		False	103
Q9P0M9	1	2.40.50.100	True	148
Q9P0P8	0		False	240
Q9P0S2	0		False	106
Q9P0S9	1	1.10.10.1740	True	112
Q9P0U1	0		False	55
Q9P291	1	1.25.10.10	True	453
Q9P2J9	1	3.60.40.10	True	529
Q9P2R7	3	3.30.470.20|3.30.1490.20|3.40.50.261	True	463
Q9UBJ2	2	1.20.1560.10|3.40.50.300	True	740
Q9UBQ7	2	3.40.50.720|3.40.50.720	True	328
Q9UBX3	1	1.50.40.10	True	287
Q9UDR5	5	3.40.50.720|3.40.50.720|3.40.50.720|3.30.360.10|1.10.1870.10	True	926
Q9UDW1	1	1.20.5.260	True	63
Q9UDX5	0		False	166
Q9UF12	1	3.20.20.220	True	460
Q9UFN0	2	3.30.70.100|3.30.70.100	True	247
Q9UG56	0		False	409
Q9UGC7	3	6.10.140.1950|3.30.70.1660|3.30.160.20	True	380
Q9UGM6	2	3.40.50.620|1.10.240.10	True	360
Q9UH62	2	1.25.10.10|1.25.10.10	True	379
Q9UHK6	2	3.40.50.10540|3.30.1540.10	True	382
Q9UHN1	2	3.30.930.10|3.40.50.800	True	485
Q9UI09	0		False	145
Q9UI17	5	3.50.50.60|3.30.9.10|3.30.1360.120|3.30.70.1400|2.40.30.110	True	866
Q9UI32	3	1.10.238.210|3.40.710.10|1.25.40.20	True	602
Q9UI43	1	3.40.50.150	True	246
Q9UIF7	3	1.10.1670.10|1.10.340.30|3.90.79.10	True	546
Q9UII2	2	1.20.5.500|1.20.5.500	True	106
Q9UIJ7	1	3.40.50.300	True	227
Q9UJ68	1	3.30.1060.10	True	235
Q9UJA2	1	1.20.120.1760	True	301
Q9UJS0	3	1.10.238.10|1.10.238.10|1.50.40.10	True	675
Q9UJZ1	1	3.30.479.30	True	356
Q9UK39	1	3.60.10.10	True	431
Q9UKA2	2	3.80.10.10|3.80.10.10	True	621
Q9UKG9	3	1.10.275.20|3.30.559.70|3.30.559.10	True	612
Q9UKK9	1	3.90.79.10	True	219
Q9UKU0	1	3.40.50.12780	True	697
Q9UKU7	3	1.10.540.10|2.40.110.10|1.20.140.10	True	415
Q9UL12	5	3.50.50.60|3.30.9.10|3.30.1360.120|3.30.70.1400|2.40.30.110	True	918
Q9ULD0	4	1.10.287.1150|3.40.50.970|3.40.50.12470|3.40.50.11610	True	1010
Q9UMS0	2	3.30.1370.70|3.30.300.130	True	254
Q9UMX3	1	1.10.437.10	True	212
Q9UQ90	4	3.40.1690.20|3.40.50.300|1.10.8.60|1.20.58.760	True	795
Q9Y234	2	3.30.930.10|3.30.390.50	True	373
Q9Y241	1	6.10.140.1320	True	93
Q9Y255	0		False	219
Q9Y276	1	3.40.50.300	True	419
Q9Y277	1	2.40.160.10	True	283
Q9Y291	0		False	106
Q9Y2C4	2	3.40.570.10|6.10.250.1250	True	368
Q9Y2D0	1	3.10.200.10	True	317
Q9Y2Q3	1	3.40.30.10	True	226
Q9Y2Q9	0		False	187
Q9Y2R0	0		False	106
Q9Y2R5	1	2.40.50.140	True	130
Q9Y2R9	1	1.10.455.10	True	242
Q9Y2S7	1	2.60.40.1470	True	368
Q9Y2W6	4	3.30.1370.10|3.30.1370.10|2.40.50.90|2.30.30.140	True	561
Q9Y2Z2	4	3.50.50.60|2.40.30.260|3.50.50.60|1.10.150.570	True	717
Q9Y2Z4	3	3.40.50.620|1.10.240.10|3.10.290.10	True	477
Q9Y2Z9	2	3.50.50.60|3.50.50.60	True	468
Q9Y305	2	3.10.129.10|3.10.129.10	True	439
Q9Y375	1	2.60.120.430	True	327
Q9Y399	1	3.40.50.10490	True	296
Q9Y3A0	0		False	265
Q9Y3B1	0		False	194
Q9Y3B7	2	3.30.1550.10|1.10.10.250	True	192
Q9Y3B8	1	3.30.420.10	True	237
Q9Y3D2	1	2.170.150.20	True	182
Q9Y3D3	1	3.30.1320.10	True	137
Q9Y3D5	1	4.10.640.10	True	142
Q9Y3D6	1	1.25.40.10	True	152
Q9Y3D7	1	1.10.287.110	True	125
Q9Y3D9	0		False	190
Q9Y3E2	1	3.30.300.90	True	137
Q9Y3E5	1	3.40.1490.10	True	179
Q9Y4W6	4	3.40.1690.20|3.40.50.300|1.10.8.60|1.20.58.760	True	797
Q9Y512	2	3.10.20.310|2.40.160.50	True	469
Q9Y584	0		False	194
Q9Y5J6	1	1.10.287.810	True	103
Q9Y5J7	1	1.10.287.810	True	89
Q9Y5J9	1	1.10.287.810	True	83
Q9Y5L4	1	1.10.287.810	True	95
Q9Y5R4	2	1.10.8.10|3.40.50.150	True	338
Q9Y5T4	1	1.10.287.110	True	150
Q9Y5U8	0		False	109
Q9Y606	2	3.30.70.580|3.30.70.660	True	427
Q9Y619	1	1.50.40.10	True	301
Q9Y676	1	4.10.640.10	True	258
Q9Y697	2	3.90.1150.10|3.40.640.10	True	457
Q9Y6C9	1	1.50.40.10	True	303
Q9Y6E7	2	3.40.50.1220|3.30.1600.10	True	314
Q9Y6G3	0		False	142
Q9Y6H1	0		False	151
Q9Y6H3	0		False	246
Q9Y6I8	0		False	212
Q9Y6J8	2	3.40.250.10|3.90.190.10	True	313
Q9Y6M9	0		False	179
Q9Y6N1	1	2.60.370.10	True	276
Q9Y6N5	2	3.50.50.60|3.50.50.60	True	450
