chain_id	sequence_md5	nres	ndom	chopping	confidence	time_sec
AF-P82673-F1-model_v6	e9cb708b76574839c9f8a372f8076e01	323	3	56-129,140-242,245-320	0.876	2.064
AF-Q6UWS5-F1-model_v6	faf672b9640eb3f3616eb007f94ece72	81	0	NULL	0.995	0.352
AF-Q9NYJ1-F1-model_v6	13ce2a088ab7293f8b1f925d0a7d0e9d	87	1	24-86	0.774	0.305
AF-O43676-F1-model_v6	ca6c192aabca0948c3d54898552ffcfc	98	1	19-96	0.774	0.508
AF-Q96N28-F1-model_v6	cd52cf23f05ff62e7a65af0439154bf9	172	1	2-170	0.995	0.875
AF-Q5VT66-F1-model_v6	1262c9dc1af0749da7b5ef73fc677da0	337	2	46-86_191-334,89-182	0.698	2.12
AF-Q96BP2-F1-model_v6	e886265fd903832af3953140b88254e3	118	1	46-110	0.714	0.493
AF-O95169-F1-model_v6	420614b78a77fc278bac86de92baf2f2	186	1	126-166	0.773	0.982
AF-P39210-F1-model_v6	2783e3215de2edc110402ec7eca4c88a	176	1	1-174	0.929	0.867
AF-Q9P0P8-F1-model_v6	c3929584e5764e90b85585ffda5b90b2	240	1	132-234	0.84	1.4
AF-Q96AN5-F1-model_v6	8bd1b89f6b65f276d9e97595c1d52f0d	459	3	44-272_346-354,275-345,355-427	0.673	3.67
AF-Q14CZ7-F1-model_v6	0b2e3b86caaf484e4ba006bc33e7e49d	662	2	2-30_520-653,85-516	0.756	6.924
AF-P82930-F1-model_v6	b06a3d3ba39aa24634faa277baa3a5bf	218	2	31-152,163-213	0.845	1.223
AF-Q9P0J6-F1-model_v6	3896c68fa06abd3e30a8b9732f050e51	103	1	67-102	0.659	0.427
AF-Q9NPL8-F1-model_v6	2fada2a86b799ed4b3efc66bca09e739	285	2	54-218,219-271	0.762	1.684
AF-Q9NWR8-F1-model_v6	5e8d4c5c39bf570acdf00221ed7f8a81	336	2	61-145,155-334	0.869	2.247
AF-Q96LW4-F1-model_v6	b8b9990a5b377ea5be63733fd8e852e3	560	4	42-91,99-208_223-344,378-473,519-558	0.792	5.616
AF-Q9NRZ5-F1-model_v6	fecfd2bfb92e30fdea04e5b7950ea5e7	378	2	3-29_303-359,30-299	0.788	3.199
AF-Q96C01-F1-model_v6	ef165ef121765170cbb87d745220fdfe	138	1	1-137	0.998	0.614
AF-Q567V2-F1-model_v6	73d32b2b19de4c89eb20df37b0ed799b	206	1	1-187	0.781	1.103
AF-Q5TGZ0-F1-model_v6	ff7b23bf7aa81a7f68e09ae6567865f1	78	1	3-63	0.993	0.311
AF-Q7L4E1-F1-model_v6	f23f0151e0ed20284bc952ad3222e89d	593	2	6-40_312-568,170-268	0.779	6.105
AF-O95178-F1-model_v6	93efddb95b06146d10691c62011b6289	105	1	52-97	0.914	0.415
AF-O95298-F1-model_v6	69f3c2f04540df5cb1d09db5e1896662	119	1	2-108	0.759	0.493
AF-Q96B49-F1-model_v6	01ba81bf2faa064c009059f52c0ccd13	74	1	22-64	0.731	0.295
AF-Q9NRP4-F1-model_v6	2b6548cdfe64f4918b3c5ed549341c38	125	1	2-109	0.816	0.561
AF-Q8N945-F1-model_v6	f3fc0e6f578a32884f7df85aeadc1772	189	1	2-183	0.991	1.005
AF-Q49B96-F1-model_v6	8c397fb1b46406400a4a33e2330fbc5c	90	1	30-81	0.74	0.351
AF-Q9BYC8-F1-model_v6	9558b22366af8eb5ceb9183156550d17	188	2	14-99,116-176	0.844	1.049
AF-Q9NP92-F1-model_v6	1aa3ad1ab1fbf97ee44bea4cad8ec8b3	439	2	56-85,90-426	0.739	3.595
AF-Q6P1Q0-F1-model_v6	433bfa863ac535105fcb3a0b072027ea	360	2	49-170,173-352	0.839	2.505
AF-O43715-F1-model_v6	3933ada2097c7b885bfd9a75acd7bcc0	76	1	6-55	0.795	0.321
AF-O43521-F1-model_v6	2cafede73dbae42bea7f95eca21ef218	198	1	119-197	0.945	1.201
AF-Q9Y3B1-F1-model_v6	6e5c0e7b51a40b01343bd3eb8a7e2e07	194	1	2-191	0.934	1.102
AF-A1L188-F1-model_v6	595903398b52b21739933c5c510e5979	74	1	3-72	0.997	0.3
AF-P82650-F1-model_v6	1ad4605a3d406237c2a57bf5ce3fc499	360	3	73-126,141-196,208-359	0.736	2.575
AF-Q9H6K4-F1-model_v6	758f44661e6762f51a11ad2d21bd55d0	179	1	4-164	0.71	0.954
AF-Q6PI78-F1-model_v6	06820cb1dee9314ac0e08adf8859cd6e	240	1	69-238	0.781	1.389
AF-Q7L3V2-F1-model_v6	fc62979bcee36aa43967cdfb2b7157a3	364	1	15-227	0.692	2.581
AF-Q9P0S2-F1-model_v6	908fca5e744870941d868b9aa7f157f3	106	1	4-103	0.799	0.522
AF-Q9Y6M9-F1-model_v6	4ac248f9e0a52225e8abecc2b35a713e	179	2	12-74,95-172	0.906	0.924
AF-Q8N8R5-F1-model_v6	9e1b7ec1b18132a1d0073f3fd52071f1	385	1	47-208_249-383	0.774	3.076
AF-Q6P4A7-F1-model_v6	96f6bcb0b55aab7d1ebb225f62757306	337	2	27-94,106-334	0.849	2.254
AF-Q8N8Q8-F1-model_v6	c383425f8c03b1e809ab1bc17dc5daae	333	2	51-110_166-330,111-163	0.697	2.307
AF-Q7Z2W9-F1-model_v6	f43c3cdd5f57a7dd832690d47c9b0f1b	205	1	69-200	0.749	1.108
AF-P59942-F1-model_v6	4e6749508667677f7c06356472e19b8f	119	1	5-117	0.93	0.501
AF-Q9P0U1-F1-model_v6	3db3120fa92094247c40411a113c903e	55	1	6-53	0.972	0.229
AF-P78537-F1-model_v6	27bd9f5a2be294ac158a4f2a3e8b6c75	153	0	NULL	0.979	0.734
AF-Q6P161-F1-model_v6	eba1f0f9a484256a54419b6fe2f4e949	138	1	65-134	0.759	0.624
AF-Q9H9B4-F1-model_v6	2eaa3125032dc74b1c29f3ab3f413d13	322	2	21-77,89-319	0.847	2.329
AF-Q6UW68-F1-model_v6	3fc1cc4267ce56b37593c4b37b164d15	189	1	1-187	0.993	1.024
AF-P60602-F1-model_v6	c2c86363e5880e328e1cd6bd97fc541d	79	1	15-78	0.97	0.329
AF-Q9H4I9-F1-model_v6	4cc0dc7d4d5927c0e1c76ff263edb25d	107	0	NULL	0.927	0.44
AF-P56378-F1-model_v6	12a9c5208bc0bfc43cef3ed383c5d071	58	0	NULL	0.996	0.237
AF-Q8N5G0-F1-model_v6	ed3a67b7d5d0962ce02d3971828dff73	67	1	3-51	0.876	0.273
AF-A8MSI8-F1-model_v6	8ae30cce946d2ff06a9031b17cf248d5	78	1	7-76	0.996	0.319
AF-Q2M3C7-F1-model_v6	43d3d66fbdcd49b033d0b8d2bcfc56ac	1700	3	42-202_1599-1699,384-574_863-1168,606-731	0.591	58.424
AF-P03923-F1-model_v6	9e96dbad690136a07bebebda427221cb	174	2	4-109,137-172	0.847	0.973
AF-Q56VL3-F1-model_v6	b055330346bba5c81c2daada476a2a95	154	1	29-149	0.749	0.743
AF-Q9HCL2-F1-model_v6	4611e2abe79c46a6974cf3f42bd7b633	828	4	72-479,484-577,578-717,718-824	0.824	11.668
AF-Q6P444-F1-model_v6	134b8e5503fd42b93983e23e7b33c549	385	2	1-44,273-322	0.682	3.213
AF-Q96IX5-F1-model_v6	8b263c38f01555976870a57179626e5b	58	1	4-47	0.976	0.23
AF-Q15390-F1-model_v6	0ce2e92c8a6694a7714958ca14aac2ac	333	2	1-172,207-316	0.646	2.352
AF-Q15070-F1-model_v6	6dc7e83c77b252baac637f19298cbc8a	435	2	97-354,361-432	0.788	3.818
AF-Q8NE86-F1-model_v6	7ab57c3e69045abe51c575188dc328cd	351	2	76-160,170-335	0.856	2.566
AF-Q7Z695-F1-model_v6	00edc3ac8b2581c052a3e2ca2ee1e437	626	3	36-168,179-240_296-491,497-619	0.72	7.109
AF-Q5BKU9-F1-model_v6	8c8022f7fb9b291dcd011f0c542dddaa	147	1	82-145	0.829	0.686
AF-O15239-F1-model_v6	78c6d601f9e99c5a1eaf0839908056c0	70	1	5-68	0.924	0.294
AF-Q8N3J2-F1-model_v6	ad8609d2bfc61100cb7a3eccf7cb4ca1	472	2	10-13_190-462,102-172	0.788	4.285
AF-Q9P0J0-F1-model_v6	d8b96a0e8a776b6c123587b3eea8f23d	144	1	32-139	0.954	0.705
AF-Q92665-F1-model_v6	b30fe7b1ad7436f07b72e792d80ae64c	395	2	153-307,323-390	0.652	3.166
AF-P76104-F1-model_v6	8acb4270b3fa36b43ad98299d05ab95d	653	4	7-195_197-205_215-297,196-196_206-214_516-628,319-403,407-507	0.801	7.889
AF-Q9NU23-F1-model_v6	db899cf8b9e85bab49ec7a6d42515c26	88	1	13-86	0.873	0.34
AF-Q96NB2-F1-model_v6	1488ef170032fc5481e21e63a20588f8	322	3	20-76,88-284,289-319	0.841	2.287
AF-Q96ER9-F1-model_v6	c900b764e8879d208e165ab095ac0df0	411	2	49-195,196-408	0.692	3.307
AF-Q9BRQ6-F1-model_v6	a230713b34e515cf55e256f6b1a47218	235	2	13-187,198-233	0.702	1.42
AF-Q9UG56-F1-model_v6	543fee7aaff00120408efbbeac604527	409	2	66-170,186-408	0.86	3.362
AF-Q9Y2R0-F1-model_v6	ce0f27edb4ed5863fba67a5c6130c945	106	1	32-105	0.979	0.442
AF-Q7KZN9-F1-model_v6	df0c2bc8fee140728b82cfe26315ecca	410	1	63-405	0.589	3.438
AF-Q9NWS8-F1-model_v6	2354ada4f23b29aa004189862704d743	449	2	158-309,310-448	0.748	3.961
AF-Q96ST8-F1-model_v6	517ce2a9d5e1fc88bcc645da9a4ac172	783	1	51-700	0.68	10.453
AF-Q5TC12-F1-model_v6	d7ac4c7ffb76fa3968364358a3971ec6	328	2	65-107,114-325	0.907	2.465
AF-Q969Z3-F1-model_v6	168e8dc926be95ec6a2b88f9ff6070ef	335	2	51-61_199-201_205-334,62-198_202-204	0.673	2.392
AF-Q8TDB4-F1-model_v6	4fc77ee2340a7d7ebfa45dc25d67d532	240	0	NULL	0.778	1.457
AF-Q8N183-F1-model_v6	8357165196c040a84360acd80a42cad6	169	1	2-120	0.761	0.892
AF-Q9Y584-F1-model_v6	5ac00b8e84eb33a2a1ed240a7ee24fc3	194	1	57-193	0.778	1.13
AF-Q9H3L0-F1-model_v6	24962be4e273f22b7ccbc8e98604da2a	296	2	10-27_140-294,63-122	0.877	2.001
AF-Q9NX14-F1-model_v6	52142d8cc3c4e6582dc51ac9050be232	153	1	66-146	0.797	0.75
AF-Q9BUR5-F1-model_v6	9080fa6bfc78af5b904fb1162f4ab42f	198	1	37-186	0.629	1.177
AF-O43677-F1-model_v6	0748eb24da5c107ac2c9550bc8b60fff	76	1	7-73	0.986	0.337
AF-Q5SXM8-F1-model_v6	e6c286057469b683ba94731b0085970b	178	1	68-131	0.867	1.05
AF-Q9NRY6-F1-model_v6	8535e4c9d75838e323d29b7ebdb31798	295	1	77-282	0.909	1.959
AF-Q96I36-F1-model_v6	035e4e616bc77531abbcc6e18bdd1ca0	57	0	NULL	0.995	0.244
AF-Q9NUQ2-F1-model_v6	144484cd1d6a8be0c27a61c9ae9fc1ed	364	1	12-363	0.721	2.786
AF-Q9Y6H1-F1-model_v6	ba258c36414b74c6e9c10b8b8098d14d	151	1	114-148	0.618	0.751
AF-Q9Y6I8-F1-model_v6	6cd9270aa330aa4b241d76a231826f50	212	2	5-145,155-204	0.721	1.383
AF-Q96BW9-F1-model_v6	c5355f12ea9ea1a294cb9225ba9a57d9	452	2	1-143,147-342	0.775	3.982
AF-Q2QL34-F1-model_v6	04d8f71fa30ed450919b363c5d9aabfb	196	1	4-191	0.905	1.2
AF-O75438-F1-model_v6	b70c1a865db75d0213b9af6d6615c3b7	58	0	NULL	0.819	0.258
AF-Q9H019-F1-model_v6	21d7933ceab9354d778fbc528ef32d71	292	0	NULL	0.694	1.884
AF-P51970-F1-model_v6	7838432d4934321552c0e8610c810964	172	1	22-126	0.824	0.901
AF-O95168-F1-model_v6	3c6e4010834e268633d21263780522bf	129	1	16-118	0.882	0.616
AF-Q9GZY8-F1-model_v6	13df48ef5a72e5c075a61b79e2b22fa1	342	0	NULL	0.763	2.46
AF-P56181-F1-model_v6	5361e01e9d29426719e37df7769c892e	108	0	NULL	0.882	0.464
AF-P27294-F1-model_v6	b5ec566bfbe36672b78744d86c0b9e27	216	2	1-105,111-215	0.979	1.396
AF-O75964-F1-model_v6	79fa750e360fc1aef1a6f70ccb8e656c	103	1	1-95	0.877	0.441
AF-Q6UW78-F1-model_v6	89ac08c7c8f62c47a211b14d15454d13	93	1	1-76	0.872	0.396
AF-Q7L8L6-F1-model_v6	0f4a9b609c790e8260797785295823fd	764	2	112-524,535-762	0.748	10.519
AF-Q9BSF4-F1-model_v6	91e84ddcbd8eba413d50e413364ec452	260	3	27-76,80-188,203-257	0.805	1.574
AF-Q99595-F1-model_v6	8eb8cae28676261a9b0ccf90a1d7329e	171	1	10-140	0.743	0.913
AF-Q9BUT9-F1-model_v6	159a0d2c4b170e0ae11905e3b82f2bab	160	1	2-158	0.827	0.799
AF-Q9NPE2-F1-model_v6	4f9b6075b588fb9a1f411e2b4577c688	291	0	NULL	0.636	1.893
AF-O95167-F1-model_v6	0b57247498e65b70006918e2e8d72cd4	84	1	1-83	0.724	0.372
AF-Q9BYV7-F1-model_v6	ae337dd919d42324c07a718bdb1eb3cb	579	1	55-578	0.722	6.626
AF-Q5XKP0-F1-model_v6	0b7ae464bb910521abae04bf85b4c356	118	1	1-115	0.973	0.514
AF-P76071-F1-model_v6	ac8f69780f5e0ad9aa036da513f4d0fb	326	2	7-121,122-325	0.858	2.384
AF-Q9H3K2-F1-model_v6	cd97d5a65daa9f0f129000a641079a30	345	1	72-342	0.9	2.563
AF-Q9NRP2-F1-model_v6	4e0c5f74591d85bf573ec649841e90e8	79	1	12-71	0.957	0.36
AF-Q9BWH2-F1-model_v6	8e1adcaf81427d3e1dbd32bf83da7fa7	189	1	27-188	0.714	1.034
AF-Q96BQ5-F1-model_v6	2479e731fb6cac05d78d2d498c1425ce	260	1	125-259	0.7	1.793
AF-Q15526-F1-model_v6	0122396155598f506794a501225e5b17	300	2	46-99_268-295,103-252	0.877	2.063
AF-O95139-F1-model_v6	6b093aa098a92860ccd2e29d4c46b824	128	1	42-117	0.695	0.632
AF-O43716-F1-model_v6	28312afb684c7309a7762b0b166a7c73	136	1	34-68	0.682	0.711
AF-Q9Y6G3-F1-model_v6	4586716e0a4434fb8d7f0261dd9fbdef	142	1	88-133	0.777	0.727
AF-Q86TS9-F1-model_v6	61a882ca22c1ea433fb75df0eed6bc6a	123	1	19-107	0.754	0.566
AF-P82909-F1-model_v6	7c18ded711b87a1d0dec1a3d48f5d57c	103	1	36-99	0.805	0.471
AF-A6NFY7-F1-model_v6	db68cd424c1bc60d11af8af46c75f7f0	115	1	6-66	0.902	0.521
AF-Q9NX40-F1-model_v6	600ed5c7d3c59933cc60004d7ea4a07c	245	2	29-120,199-243	0.824	1.571
AF-P03905-F1-model_v6	900886d895f5d6af16ea06e3b34f2ee3	459	2	1-236,237-454	0.664	4.036
AF-Q5RI15-F1-model_v6	348d15056afbe00c464dc30a57a849dd	118	1	28-116	0.848	0.655
AF-Q13323-F1-model_v6	3584d655ffbe11a4692fdecb51080717	160	1	9-159	0.967	0.819
AF-O00483-F1-model_v6	7df4cec63605a0ff53819402c759021f	81	1	1-73	0.891	0.357
AF-Q9BUV8-F1-model_v6	e0a3f988d97a1879f4a04f1609e52684	137	1	13-134	0.784	0.676
AF-P56134-F1-model_v6	f111d93e0542f058605ec8b5ce5604a6	94	1	13-90	0.883	0.403
AF-Q9BQC6-F1-model_v6	93c517467d6a34645e0e88217c656dbe	102	1	1-95	0.89	0.463
AF-Q96B77-F1-model_v6	48fa939460ad37e8c21f9588285b7c6c	213	2	57-128,129-206	0.678	1.302
AF-Q5HYI7-F1-model_v6	e1cd24c0472a523c15a20e371c335fb3	312	2	5-76,86-242	0.838	2.174
AF-P0DKB6-F1-model_v6	d9f6f020250ff8cd82f8ff6905a47377	136	1	1-106	0.673	0.666
AF-Q7Z5L4-F1-model_v6	b74cdab4b996497e83fae236d182a4b1	167	1	1-158	0.931	0.93
AF-Q13794-F1-model_v6	e590dbd99e49dd78e23fc9fb8395cc96	54	0	NULL	0.995	0.264
AF-Q9HBL7-F1-model_v6	82857e1407301cd908c2f44b738e4169	147	1	1-146	0.985	0.794
AF-Q8IXM3-F1-model_v6	e4fa15df35dc6d5cc646398d9e930a5c	137	2	3-56,88-117	0.796	0.646
AF-Q96KF7-F1-model_v6	bb09e7dcf465e7b0a18819f5052785db	97	1	32-91	0.802	0.558
AF-Q53R41-F1-model_v6	2941022a2bc2f387faa7becb239126e2	847	4	39-165,171-490,491-689,690-840	0.685	12.242
AF-P53701-F1-model_v6	23ff4b04375d77e9a2799431eb715d4b	268	1	55-267	0.806	1.657
AF-Q9BYN8-F1-model_v6	da156d790031c00ec6d25b6b474269d6	205	1	36-198	0.855	1.183
AF-Q9BUB7-F1-model_v6	0ec8c7ce80253883359edc98624eabb2	260	1	75-236	0.669	1.694
AF-Q6UXV4-F1-model_v6	900ed4fae6d1d87d741d44aa5f4d8503	268	1	38-190	0.719	1.744
AF-Q9NVA1-F1-model_v6	ea8664cd5072e188f03b6f6814624d67	299	1	110-270	0.769	2.02
AF-Q9Y3A0-F1-model_v6	f84511c31a6bad46f7238f290feb8bdc	265	1	46-252	0.726	1.635
AF-Q96EL2-F1-model_v6	a66e97378618cb5a8466ed2d4cccd1dc	167	1	51-166	0.795	0.903
AF-Q4U2R6-F1-model_v6	35039f056c3b60dd678a0b7672321253	128	2	8-62,70-123	0.691	0.605
AF-Q9UI09-F1-model_v6	b365b78b3b6ecc8ed16e2995b1c0494e	145	1	2-91	0.873	0.724
AF-Q8NI60-F1-model_v6	040929a2c7cd26691c84820dc4ba1aaf	647	3	1-66_200-301,302-505,511-646	0.733	8.184
AF-Q2VYF4-F1-model_v6	5b4f993448ecbd96b76310dd93064540	491	2	6-207,208-392	0.829	4.786
AF-Q9BZE1-F1-model_v6	3ead382ceb58935b894e207d2e5f53de	423	1	99-380_408-419	0.838	3.67
AF-Q9H061-F1-model_v6	dd6861531ccdf1eb2dfbb9ee232494c7	195	1	1-186	0.942	1.149
AF-Q9NYY8-F1-model_v6	7be8c8f563663ffca4652378d48d439e	710	2	154-549,576-694	0.787	9.296
AF-Q9BRT2-F1-model_v6	46b73f44b09c121c58a3a46319dd1ab4	126	2	2-71,85-115	0.784	0.625
AF-Q5VUM1-F1-model_v6	953cabf53de75dab00c9a570e8e646c9	108	0	NULL	0.761	0.489
AF-Q8TD22-F1-model_v6	1ca4c92ed61c5ff8ef56dc08037e1a54	340	2	2-94,105-337	0.891	2.49
AF-Q7Z7K0-F1-model_v6	b335ca3d01338ca7955af3e378221671	106	1	5-91	0.942	0.478
AF-Q9Y3D9-F1-model_v6	296e7fc53c09e061b19a256dbbbf36cf	190	1	66-128	0.835	1.167
AF-Q16718-F1-model_v6	9b129f071195416bf2b5552af641a93d	116	1	20-97	0.79	0.552
AF-Q9P032-F1-model_v6	24d9a7c811549b8cf53324754b3c8271	175	2	34-67,93-155	0.836	0.982
AF-O43920-F1-model_v6	08c2a0434177cd1e8aad2b429d59318e	106	1	6-98	0.865	0.454
AF-Q9Y6H3-F1-model_v6	af5cf22f950ad44890f1627eb7d72c27	246	1	48-238	0.757	1.544
AF-Q16891-F1-model_v6	4dd011f0d70e4075affcf468396716fd	758	3	58-90,199-538,539-754	0.744	10.194
AF-P0CE49-F1-model_v6	8d3ee8c713569cf9368522ad599e131c	326	2	7-121,122-325	0.855	2.307
AF-Q3MIX3-F1-model_v6	605a98546968157abf6445316e3164b5	580	3	7-175_240-243,179-239_244-380,386-578	0.757	6.247
AF-Q9UDX5-F1-model_v6	4ec5b1824ff78a68ddb63644c7eb733f	166	1	18-156	0.937	0.849
AF-P17152-F1-model_v6	eaa7803c38fb708ef08839870dbc4237	192	1	29-191	0.772	1.225
AF-Q9NX63-F1-model_v6	ed001397998fe6b23ccb82f9425d2f73	227	1	11-225	0.757	1.425
AF-Q96IL0-F1-model_v6	d217ea2a9ecb9aef6167508d49ac5231	206	1	15-205	0.812	1.305
AF-P17568-F1-model_v6	521a0ed9450f26c28eac953020c5cf33	137	1	2-124	0.873	0.702
AF-Q9BRX8-F1-model_v6	d205fe885f68e9e7b2a9a8e540477e97	229	1	46-218	0.818	1.755
AF-Q8N4H5-F1-model_v6	1a415c34d6400f420ff4ee1a54cbdd50	51	0	NULL	0.995	0.357
AF-Q53S58-F1-model_v6	d76bf99596fa43d8fec78fb846c12445	311	2	4-33_163-306,34-162	0.717	2.403
AF-Q9NWT8-F1-model_v6	6455d8353b319523cab2fbf2bc37ce71	199	1	55-180	0.769	1.159
AF-P03891-F1-model_v6	857c56364aeaecee44a5685aa225e405	347	1	4-345	0.496	2.871
AF-Q9Y291-F1-model_v6	5771978ae458ef360caa3053d0eef149	106	2	6-50,55-104	0.814	0.496
AF-P51398-F1-model_v6	8d54a2f77e1f77a8cd5d2d226e32819e	398	3	56-164_207-344,169-204,350-396	0.621	3.542
AF-P56385-F1-model_v6	9b0e9ecd48535f0ae41ef282215e6d2f	69	0	NULL	0.996	0.284
AF-Q4VC31-F1-model_v6	43422552a96b0e9cdfd0f74d60b6714b	144	1	13-135	0.933	0.748
AF-Q86WW8-F1-model_v6	e4764d495a09b06ac71d7872a0df579a	74	1	15-69	0.859	0.349
AF-A0A0B4J2F0-F1-model_v6	38e39e0b28141ce0a158386bc1a4589a	54	0	NULL	0.994	0.243
AF-Q5U5X0-F1-model_v6	97982ce1d8bc2a0e446b6349a76a09b0	104	1	3-76	0.746	0.446
AF-Q16635-F1-model_v6	525b9e0befe940a615588c29431bff99	262	1	15-257	0.974	1.703
AF-Q9HD34-F1-model_v6	075125b106bf50bed83547b205eef468	91	1	1-84	0.956	0.439
AF-Q9Y2Q9-F1-model_v6	d719830c1a8b21b17667c21fe3036384	187	1	80-172	0.832	1.132
AF-P03928-F1-model_v6	3e7020f347cdb863203bde655221ecc5	68	1	7-63	0.982	0.348
AF-P03915-F1-model_v6	367f865c534758bb8981f5263bc977f7	603	3	1-491,518-548,556-602	0.67	6.919
AF-Q9Y5U8-F1-model_v6	b325d0640444121bbb6f2da0f90b007b	109	1	1-108	0.854	0.527
AF-O43325-F1-model_v6	69de74bae33c3be5a110c960cf3723e9	122	1	3-77	0.829	0.605
AF-P03886-F1-model_v6	220f01227ba1405a6a57a211e3636ae9	318	2	1-57,68-311	0.791	2.304
AF-O43674-F1-model_v6	e4ce6c57404ef89774dec5f720d74fa5	189	1	61-178	0.814	1.124
AF-P56556-F1-model_v6	90845e3bb500a5a7fe21c066695fa0d2	128	1	25-107	0.778	0.656
AF-A6NNL5-F1-model_v6	8555cf980d2acc65a5094656f14e333d	157	1	1-147	0.887	0.95
AF-Q8WYQ3-F1-model_v6	34c91c5fed7644accadc899544394c44	142	1	102-136	0.662	0.823
AF-Q9Y255-F1-model_v6	dc1e88cb010df123743292d67c8cb33a	219	1	2-170	0.965	1.558
AF-Q8N3R3-F1-model_v6	fce47e10787d6dc6ceb8c8fa9eca173c	496	2	29-144,190-486	0.795	4.836
AF-Q8IUX1-F1-model_v6	82434e3d944526ec6393a0e9c4effb4a	230	1	61-229	0.866	1.42
AF-O95563-F1-model_v6	94a03e1a3d725c5798423a88a2f8e221	127	2	3-33,41-126	0.761	0.624
AF-Q14296-F1-model_v6	8e8b9745f96d644953de84197e82516d	549	3	32-187,203-381,391-540	0.886	5.795
AF-Q96GE9-F1-model_v6	5c99c07e1dff801c22bc0d6a103319cf	116	1	38-106	0.75	0.522
AF-Q96PG8-F1-model_v6	440949f37e57421e5deee6ba753b0adc	261	0	NULL	0.914	1.828
AF-Q9GZY4-F1-model_v6	d418e232dfe4378322ad61f155b9d3a2	146	1	42-134	0.767	0.776
AF-Q9BQ95-F1-model_v6	6e1210abff5bbd3646bd37abe0d82667	431	2	69-208,223-393	0.875	3.991
AF-Q9C002-F1-model_v6	a94010eeb6914e803f38b60bb532cff0	83	1	3-82	0.863	0.372
AF-Q86Y39-F1-model_v6	27902371f897ea4572e3e5631cef308c	141	1	1-131	0.988	0.702
AF-O96011-F1-model_v6	909867e210bd2ee5f29fc667f658ca48	259	1	1-255	0.895	1.628
AF-Q92934-F1-model_v6	64470d191c183bc0643a0be39367aa7e	168	1	102-159	0.881	0.903
AF-O95182-F1-model_v6	3fc33d1959f3d5f34380d295bd1bdb4e	113	0	NULL	0.775	0.514
AF-Q4G0I0-F1-model_v6	f7200daa19086a45c2b066e1431e3236	132	1	64-109	0.801	0.67
AF-Q7L4S7-F1-model_v6	64bc7986478702a656686b982c5c4d85	300	1	3-287	0.789	2.125
AF-Q5SQH8-F1-model_v6	30597ceac51b4fb54b71bea5b8b39639	315	1	98-281	0.851	2.283
AF-Q8IVP5-F1-model_v6	91f8035d2961ccf0d5cc8b5fccb6e7f5	155	1	20-154	0.785	0.833
AF-O14925-F1-model_v6	e1d19fc28a5c85e637672bcdc2ee5cbb	209	1	50-207	0.709	1.29
AF-Q8NAN2-F1-model_v6	2b7b5bdc5a9586760cbda00b4912037e	632	3	44-94,206-287,352-617	0.843	7.444
AF-Q8WWC4-F1-model_v6	d9ed793036f39d4d5a2f8c0c91d27d74	291	1	118-287	0.9	1.986
AF-P21515-F1-model_v6	2502d6cf4bbc03565b0eae18159ac0f1	193	1	3-190	0.981	1.351
AF-O60830-F1-model_v6	f90cfb0707d113effd6115b4c7cd1b5b	172	1	10-141	0.768	0.98
AF-Q9NS69-F1-model_v6	3302076197b650de5046943af828896a	142	1	44-121	0.825	0.825
AF-P0DJ07-F1-model_v6	5edecd90f1b5a5351256910548e3cd2f	73	1	1-72	0.993	0.376
AF-Q96D53-F1-model_v6	ef2e5a7613a699e7e634540816477ccb	544	3	88-334_373-375,340-372_376-384,390-523	0.759	6.001
AF-Q96KR6-F1-model_v6	1c4ef131bf65b7742b361bf787ba866c	192	1	85-182	0.776	1.091
AF-O96000-F1-model_v6	8b5094c3b1239b945048b72c736d9292	172	1	23-171	0.659	0.954
AF-Q8N5N7-F1-model_v6	0ff0d84992f1e8bb8fd12b8f22a634a5	158	1	65-131	0.857	0.849
AF-Q6NUI2-F1-model_v6	31d59092a6ea7b430dd03cd9b50293c7	795	3	56-457,462-545_685-791,547-684	0.812	11.899
AF-Q99807-F1-model_v6	8f1e2f2185d0e18319458fd6e2efc0aa	217	1	46-215	0.824	1.408
AF-Q6P1X6-F1-model_v6	96db339c36e1ffae69aa5234ed7b97e6	216	2	22-107,113-213	0.897	1.481
AF-Q969Z0-F1-model_v6	0a26338b4bf80d9db2e2e07561f28608	631	2	71-464,482-630	0.774	7.303
AF-Q9BWM7-F1-model_v6	f46bad03f2471bd461738b22dee83fc8	321	3	20-76,88-284,289-318	0.845	2.441
AF-Q9NR77-F1-model_v6	2e48c5be8a7395058d70724315cc8e6b	195	1	2-193	0.77	1.133
AF-Q96A26-F1-model_v6	a6b5d4ef66229fc5c667b73e10bd3a38	154	1	4-152	0.944	0.812
AF-Q6IPR1-F1-model_v6	bb36d826049d2af523202e7794b23762	90	1	2-84	0.991	0.407
