orthogroup_id	ecoli_accessions	human_accessions	n_ecoli	n_human	best_evalue	mean_pident
OG00000	P13009	Q99707	1	1	0.0	54.8
OG00001	P33195	P23378	1	1	1.537e-321	55.6
OG00002	P25516	P21399,P48200	1	2	1.251e-289	51.0
OG00003	P27253	P22033	1	1	1.36e-267	60.6
OG00004	P00490,P0AC86	P06737,P11216,P11217	2	3	2.4919999999999997e-266	51.3
OG00005	P00903,P00968,P04079,P0A6F1,P0A786	P27708,P31327,P49915	5	3	8.659000000000001e-246	37.4
OG00006	P0A6T1	P06744	1	1	5.329e-236	67.1
OG00007	P0A6Y8,P0A6Z1,P77319	O95757,P0DMV8,P0DMV9,P11021,P11142,P17066,P34931,P34932,P38646,P48723,P48741,P54652,Q0VDF9,Q92598,Q9Y4L1	3	15	2.937e-233	37.3
OG00008	P15254	O15067	1	1	6.396999999999999e-228	36.3
OG00009	P27550,P38135,P69451,P77495	P0C7M7,Q08AH1,Q53FZ2,Q6NUN0,Q96CM8,Q9H6R3,Q9NR19,Q9NUB1,Q9UKU0	4	9	5.222999999999999e-227	34.2
OG00010	P07118	P26640,Q5ST30	1	2	8.512999999999999e-218	40.1
OG00011	P0ABB4,P52612	P06576,P38606	2	2	5.8110000000000004e-207	37.1
OG00012	P0AFG3	Q02218,Q96HY7,Q9ULD0	1	3	4.727e-196	39.2
OG00013	P60785	Q8N442	1	1	1.862e-185	52.3
OG00014	P00956	P41252,Q9NSE4	1	2	3.573e-183	32.2
OG00015	P00363,P0AC41,P10902	P31040	3	1	4.554e-180	39.9
OG00016	P05042,P0AC38	P07954	2	1	3.7290000000000003e-178	51.3
OG00017	P0A6M8	Q969S9,Q96RP9	1	2	1.23e-173	41.3
OG00018	P0ABB0	P15313,P21281,P25705	1	3	3.9200000000000005e-172	36.5
OG00019	P09546,P17445,P23882,P23883,P25526,P25553,P37685,P76149,P76217,P77674,P80668	O75891,O94788,P00352,P05091,P30038,P30837,P30838,P43353,P47895,P48448,P49189,P49419,P51648,P51649,Q02252,Q3SY69,Q8IZ83,Q9H2A2	11	18	1.196e-170	33.6
OG00020	P0A6F5	P10809	1	1	1.3070000000000001e-166	51.9
OG00021	P0A6B7	Q96I15,Q9Y697	1	2	7.328000000000001e-165	47.7
OG00022	P00957	P49588,Q5JTZ9	1	2	2.8239999999999998e-164	36.0
OG00023	P0ABU0,P21177,P31551,P52045,P76082,P76083,P77399,P77467	O75521,P30084,P40939,P42126,Q08426,Q13011,Q13825,Q16836,Q6NVY1,Q86YB7,Q8N8U2,Q96DC8,Q9NTX5,Q9Y232,Q9Y2S2,Q9Y6F7,Q9Y6F8	8	17	8.925000000000001e-163	30.2
OG00024	P05804	P08236,Q6P575	1	2	1.67e-160	40.8
OG00025	P00350	P52209	1	1	4.867e-159	56.2
OG00026	P0ADG7,P60560	P12268,P20839,P36959,Q9P2T1	2	4	7.601000000000001e-159	43.7
OG00027	P17444	Q8NE62	1	1	2.619e-158	50.6
OG00028	P0A6U3	Q9Y2Z2	1	1	9.878e-156	43.6
OG00029	P07913,P0A9S3,P25437,P38105,P39346,P39400,P39451,P77280,P77360,P77539	P00325,P00326,P07327,P08319,P11766,P28332,P40394,Q00796	10	8	1.492e-155	36.5
OG00030	P06715,P0A9P0,P0AC62,P27306,P68688,P77212	P00390,P09622,P35754,Q16881,Q86VQ6,Q9NNW7,Q9NS18	6	7	1.863e-154	35.0
OG00031	P07813	Q15031	1	1	1.301e-153	36.8
OG00032	P0A9M0	P36776,Q86WA8	1	2	1.1389999999999999e-152	40.4
OG00033	P0CE47,P0CE48,P0DTT0,P14081,P23845	P15170,P49411,P57772,P68104,Q05639,Q5VTE0,Q8IYD1,Q9Y450	5	8	7.576e-151	30.7
OG00034	P0A7E5	P17812,Q9NRF8	1	2	2.68e-148	47.6
OG00035	P07001,P0AB67	Q13423	2	1	1.55e-147	50.2
OG00036	P0A9B2,P0A9B6	O14556,P04406	2	2	5.047e-143	53.8
OG00037	P0A6F3	P32189,Q14409,Q14410,Q6ZS86	1	4	4.272e-142	46.1
OG00038	P0A8M3	A2RTX5,P26639,Q9BW92	1	3	2.671e-141	40.3
OG00039	P0A6Z3	P07900,P08238,P14625,Q12931,Q14568,Q58FF3,Q58FF6,Q58FF7,Q58FF8,Q58FG1	1	10	3.625e-136	34.1
OG00040	P00962	P07814,P47897	1	2	6.317e-136	40.4
OG00041	P0AC88	O60547	1	1	3.9699999999999996e-135	62.8
OG00042	P09148	P07902	1	1	1.679e-134	63.3
OG00043	P0A817	P31153,Q00266	1	2	3.046e-134	59.2
OG00044	P26616	P23368,P48163,Q16798	1	3	4.042e-134	44.8
OG00045	P0AAI3	O75351,P17980,P35998,P43686,P62191,P62195,P62333,Q8NBU5,Q96TA2,Q9BW62,Q9UN37,Q9UQ90,Q9Y4W6	1	13	4.205e-134	41.5
OG00046	P05055	Q8TCS8	1	1	3.002e-133	37.6
OG00047	P0A6P9	P06733,P09104,P13929	1	3	7.831999999999999e-133	51.9
OG00048	P0ABD8,P24182	O00763,P05165,P11498,Q13085,Q96RQ3	2	5	3.992e-132	41.2
OG00049	P0AB77,P12998	O15269,O15270,O75600,P13196,P22557,Q9NUV7	2	6	4.0120000000000005e-131	33.9
OG00050	P21889	Q6PI48	1	1	4.913e-128	41.0
OG00051	P08178,P08179,P15640,P37051	P22102	4	1	3.278e-126	44.7
OG00052	P17169	O94808,Q06210	1	2	3.1450000000000002e-124	36.0
OG00053	Q59385	P35670,Q04656	1	2	2.648e-123	30.0
OG00054	P0A8N3,P0A8N5,P0A8N7	Q15046	3	1	8.462e-122	40.2
OG00055	P00893,P0AFI0,P0DP89	A1L0T0,Q9UJ83	3	2	1.546e-121	29.4
OG00056	P0AD61,P21599	P14618,P30613	2	2	1.164e-119	37.8
OG00057	P0AGE9	P53396,P53597	1	2	2.328e-119	49.2
OG00058	P0A867,P0A870	P37837	2	1	7.153999999999999e-118	59.8
OG00059	P0C7L2,P21151,P76461,P76503,Q46939	P09110,P24752,P42765,P55084,Q9BWD1	5	5	1.065e-117	36.6
OG00060	P46837	Q8N5C6	1	1	2.168e-117	32.5
OG00061	P37024,P43329	O43143,O60231,Q08211,Q14147,Q14562,Q7L2E3,Q7L7V1,Q8IX18,Q8IY37,Q92620,Q9H2U1,Q9H5Z1,Q9H6R0	2	13	3.568e-117	32.2
OG00062	P11875	P54136,Q5T160	1	2	2.46e-116	33.0
OG00063	P09147,P27830,P37759	O95455,Q14376	3	2	2.974e-116	39.4
OG00064	P11447	P04424	1	1	8.203e-113	45.2
OG00065	P0A8M0	O43776,P14868,Q96I59	1	3	7.531e-112	33.2
OG00066	P0A825	P34896,P34897	1	2	3.2009999999999997e-110	48.9
OG00067	P0A705	P46199	1	1	4.568e-110	39.8
OG00068	P0ABI8	P00395	1	1	1.0130000000000001e-109	41.8
OG00069	P23721	Q9Y617	1	1	4.81e-108	51.6
OG00070	P0A953,P0AAI5	Q9NWU1	2	1	1.927e-104	38.8
OG00071	P21179	P04040	1	1	2.623e-104	47.9
OG00072	P0A6H1	O76031	1	1	1.0279999999999999e-103	39.1
OG00073	P61889	P40926	1	1	1.1380000000000001e-102	56.2
OG00074	P0A759,P42912	P46926,Q8TDQ7	2	2	9.423e-102	45.4
OG00075	P31979	P49821	1	1	9.659000000000001e-102	47.8
OG00076	P37339	Q9H9P8	1	1	1.039e-101	45.4
OG00077	P22106	P08243	1	1	1.073e-101	36.7
OG00078	P0A836	Q96I99,Q9P2R7	1	2	1.337e-101	45.3
OG00079	P07109,P07821,P09833,P0A9R7,P0A9S7,P0A9T8,P0A9U3,P0A9V1,P0A9W3,P0A9X1,P0AAF6,P0AAG3,P0AAG5,P0AAH0,P0AAH8,P0AAI1,P10346,P10907,P14175,P15031,P16676,P16677,P16679,P22731,P23878,P23886,P29018,P30750,P31134,P31548,P33360,P33594,P33931,P36879,P37009,P37313,P37774,P43672,P45769,P60752,P63386,P63389,P68187,P69874,P75957,P76909,P77265,P77268,P77279,P77481,P77622,P77737,P77795,Q47538	O15438,O15439,O15440,O60706,O75027,O94911,O95255,O95342,O95477,P08183,P13569,P21439,P28288,P33527,P33897,P45844,P61221,P78363,Q03518,Q03519,Q09428,Q2M3G0,Q5T3U5,Q86UK0,Q86UQ4,Q8IUA7,Q8IZY2,Q8N139,Q8NE71,Q8WWZ4,Q8WWZ7,Q92887,Q96J65,Q96J66,Q99758,Q9BZC7,Q9H172,Q9H221,Q9H222,Q9NP58,Q9NP78,Q9NRK6,Q9NUQ8,Q9NUT2,Q9UBJ2,Q9UG63,Q9UNQ0	54	47	1.106e-100	28.1
OG00080	P05458	P14735	1	1	1.987e-99	27.7
OG00081	P0A7D4	P30520,Q8N142	1	2	2.252e-99	43.4
OG00082	P15043	O94761,O94762,P46063,P54132,Q14191	1	5	8.92e-99	36.1
OG00083	P29680	P06132	1	1	7.085e-97	49.3
OG00084	P62707	P07738,P15259,P18669,Q8N0Y7	1	4	4.392e-95	58.5
OG00085	P24171,P27298	P52888,Q9BYT8	2	2	9.86e-94	30.4
OG00086	P06959,P0AFG6	O00330,P10515,P11182,P36957	2	4	1.05e-93	30.3
OG00087	P77649	Q9BVL4	1	1	1.217e-93	33.6
OG00088	P00509,P04693	P00505,P17174,Q8NHS2	2	3	1.397e-93	38.2
OG00089	P0AC53	P11413	1	1	9.027e-93	38.9
OG00090	P33018,P51025	P10768	2	1	2.045e-91	54.8
OG00091	P0A847	Q9BXR0,Q9H974	1	2	2.392e-91	36.3
OG00092	P0A717	O60256,P11908,P21108,P60891,Q14558	1	5	2.447e-90	44.5
OG00093	P33599	O75306	1	1	5.707e-90	44.9
OG00094	P0A884	P04818	1	1	6.718e-90	54.6
OG00095	P15639	P31939	1	1	1.5789999999999998e-89	32.8
OG00096	P0ABU2	Q9NTK5	1	1	3.085e-89	45.1
OG00097	P36553	P36551	1	1	4.014e-89	52.1
OG00098	P25745	O75648	1	1	1.17e-87	43.1
OG00099	Q46806	O14531,Q14117,Q14194,Q14195,Q16555,Q9BPU6	1	6	2.827e-87	36.2
OG00100	P0AAZ4	Q96S55	1	1	8.247e-87	39.4
OG00101	P0A962	Q86U10	1	1	4.919e-85	44.5
OG00102	P13482,P62601	O43280	2	1	9.483e-85	33.8
OG00103	P00935,P06721	P32929	2	1	1.639e-84	37.8
OG00104	P0A993	O00757,P09467	1	2	1.8630000000000001e-84	45.8
OG00105	P0A6T3	P51570,Q01415	1	2	9.209e-84	33.8
OG00106	P0A8J8,P0A9P6,P21507,P21693,P25888	O00148,O00571,O15523,P17844,P26196,P38919,P60842,Q13206,Q13838,Q14240,Q5T1V6,Q7L014,Q86TM3,Q86XP3,Q8N8A6,Q8NHQ9,Q8TDD1,Q92499,Q92841,Q96GQ7,Q9BQ39,Q9BUQ8,Q9GZR7,Q9H0S4,Q9H8H2,Q9NQI0,Q9NR30,Q9NUL7,Q9NUU7,Q9NVP1,Q9NXZ2,Q9NY93,Q9UHI6,Q9UHL0,Q9UJV9,Q9UMR2,Q9Y2R4,Q9Y6V7	5	38	3.01e-82	33.8
OG00107	P07650	P19971	1	1	4.189e-81	37.5
OG00108	P12295	P13051	1	1	4.9659999999999995e-80	62.2
OG00109	P0A744	Q9UJ68	1	1	8.302e-80	65.2
OG00110	P0AEI1,P0AEI4	Q5VV42,Q96SZ6	2	2	1.557e-79	30.0
OG00111	P0AG16	Q06203	1	1	2.242e-79	36.1
OG00112	P0ABB8	O75185,P05023,P13637,P50993,Q13733	1	5	2.263e-79	26.4
OG00113	P07014,P0AC47	P21912	2	1	3.536e-79	45.6
OG00114	P00954	Q9UGM6	1	1	1.4260000000000002e-78	44.6
OG00115	P0AGJ9	Q9Y2Z4	1	1	3.0970000000000004e-78	38.7
OG00116	P0AF08	P53384,Q8TB37,Q9Y5Y2	1	3	6.462e-77	44.0
OG00117	P24186	P11586,P13995,Q6UB35,Q9H903	1	4	2.3090000000000002e-76	40.8
OG00118	P07012,P0A7I0	O75570,Q9UGC7	2	2	5.651e-76	38.8
OG00119	P27254	Q8IVH4	1	1	6.657e-76	48.8
OG00120	P37095,P68767	P28838,Q8NDH3	2	2	1.931e-74	32.4
OG00121	P60716	O43766	1	1	6.8e-74	47.0
OG00122	P21888	P49589,Q9HA77	1	2	2.158e-73	34.0
OG00123	P28904	Q07837	1	1	8.98e-73	32.7
OG00124	P33607,P77416,P77437	P03915	3	1	6.102000000000001e-72	31.9
OG00125	P07004,P0A7B5	P54886	2	1	7.376e-72	33.4
OG00126	P18956	A6NGU5,B5MD39,P19440,P36268,Q14390,Q9BX51,Q9UJ14	1	7	1.22e-71	30.7
OG00127	P0AE18	P53582,Q6UB28	1	2	1.326e-71	46.8
OG00128	P25522	Q969Y2	1	1	1.7960000000000002e-71	33.9
OG00129	P06983	P08397	1	1	1.919e-71	41.5
OG00130	P0A6G7	Q16740	1	1	7.139000000000001e-71	62.3
OG00131	P0A7E1	Q02127	1	1	2.978e-70	42.4
OG00132	P23909	P43246	1	1	4.567e-70	30.6
OG00133	P69902,P76518	Q9HAC7,Q9UHK6	2	2	2.032e-69	34.4
OG00134	P12995,P18335,P22256,P23893,P42588,P50457,P77581	P04181,Q8IUZ5,Q8TBG4,Q9BYV1	7	4	1.2039999999999999e-68	28.4
OG00135	P0A887	Q5HYK3	1	1	5.15e-68	45.9
OG00136	P0A799	P00558,P07205	1	2	7.647e-68	35.0
OG00137	P03817,P38038	P16435,P35228,Q9UHB4	2	3	2.456e-67	27.4
OG00138	P76014,P76015	Q3LXA3	2	1	4.31e-67	33.5
OG00139	P0ACB2	P13716	1	1	4.726e-67	41.9
OG00140	P76641	Q9Y2T3	1	1	1.0499999999999999e-66	33.7
OG00141	P08622	O60884,O75953,P31689,Q8WW22,Q8WWF6,Q96EY1,Q9UBS4,Q9UDY4	1	8	1.179e-66	34.5
OG00142	P00959	P56192	1	1	2.4589999999999997e-66	29.5
OG00143	P15034,P21165,P76524	P12955,Q9NQH7,Q9NQW7	3	3	5.24e-66	28.9
OG00144	P33021,P33024	O00337,O43868,Q9HAS3	2	3	9.824e-65	32.6
OG00145	P76113	Q14914,Q8N8N7	1	2	2.036e-64	38.7
OG00146	P16659	Q7L3T8	1	1	2.558e-64	29.4
OG00147	P42641	A4D1E9,Q9H4K7	1	2	5.068e-64	39.2
OG00148	P64612	Q8WV93	1	1	5.044e-63	33.1
OG00149	P00582	O75417,Q7Z5Q5	1	2	5.341000000000001e-63	28.4
OG00150	P0A738,P30745	Q9NZB8	2	1	1.694e-62	46.0
OG00151	P0AGG2	O14734	1	1	2.259e-62	43.1
OG00152	P12282,P30138,Q46927	A0AVT1,O95396,P22314,P41226,Q8TBC4,Q9UBT2	3	6	4.768e-62	30.7
OG00153	P09832,P25889,P37127,P76440,Q46820	Q12882	5	1	1.924e-61	27.8
OG00154	P30147,Q46891	Q5T013	2	1	2.394e-61	44.4
OG00155	P04805,P27305	Q5JPH6	2	1	4.474e-61	32.7
OG00156	P0AE24,P0AEP1,P0AGF4	P11166,P11168,P11169,P14672,P22732,Q6PXP3,Q8TD20,Q8TDB8,Q96QE2,Q9NY64,Q9UGQ3	3	11	6.797e-61	27.1
OG00157	P77806	Q16773,Q6YP21	1	2	7.616e-61	33.7
OG00158	P31142	P25325,Q16762	1	2	1.496e-60	40.6
OG00159	P0A8V0	Q9BQ52,Q9H777	1	2	1.961e-60	30.9
OG00160	P08194,P09836	O43826	2	1	2.099e-60	30.2
OG00161	P0AFD4	P03886	1	1	2.162e-60	42.0
OG00162	P69441	P00568,P27144,P30085,P54819,Q5TCS8,Q96MA6,Q9UIJ7,Q9Y6K8	1	8	6.093e-60	37.8
OG00163	P33232	Q9NYQ3,Q9UJM8	1	2	9.158999999999999e-60	34.5
OG00164	P0ACD4	Q9H1K1	1	1	2.061e-59	76.5
OG00165	P0A796	P08237,P17858,Q01813	1	3	2.1949999999999997e-59	37.7
OG00166	P0A9C3	Q96C23	1	1	1.01e-58	38.4
OG00167	P0AB83,P17802	P78549,Q9UIF7	2	2	4.01e-58	31.6
OG00168	P0A9T4,P30863,P76234,P77256,P77735,Q46851,Q46857	C9JRZ8,O43448,O43488,O60218,P14550,P15121,P17516,P42330,P51857,P52895,Q04828,Q13303,Q14722,Q5T2L2,Q8NHP1,Q96JD6	7	16	8.542e-58	31.1
OG00169	P45563	P00491,Q13126	1	2	9.213e-58	34.6
OG00170	P11988,P24240,Q46829	P09848,Q6UWM7,Q86Z14,Q9H227,Q9UEF7	3	5	1.7150000000000002e-57	27.2
OG00171	P60651	Q9BSE5	1	1	2.679e-57	40.6
OG00172	P0ABK5,P16703	P35520	2	1	3.579e-57	37.8
OG00173	P60390	A6NJ78,P0C7V9	1	2	4.698e-57	37.0
OG00174	P76458,P76459	P55809,Q9BYC2	2	2	6.7e-57	45.5
OG00175	P0A6J1	O43252,O95340	1	2	9.205e-57	50.9
OG00176	P67826	Q9NTM9	1	1	1.7750000000000001e-56	45.0
OG00177	P0AGD7,P10121	P08240,P61011	2	2	1.46e-55	29.7
OG00178	P23367	O95744,P40692	1	2	2.78e-55	36.9
OG00179	P0A8L1	P49591,Q9NP81	1	2	4.884e-55	32.1
OG00180	P76004	Q6P2I3,Q6P587,Q96GK7	1	3	6.18e-55	42.9
OG00181	P04391,P06960	P00480	2	1	3.593e-54	35.6
OG00182	P0A784	Q9Y3B8	1	1	4.002e-54	53.1
OG00183	P0AEZ9,P0AF03,P12281	Q9NQX3	3	1	4.528e-54	31.2
OG00184	P0AER0,P60844	A0A075B734,O14520,O43315,O94778,P29972,P30301,P41181,P55064,P55087,Q13520,Q92482,Q96PS8	2	12	9.297e-54	33.0
OG00185	P09158	P19623	1	1	2.2389999999999997e-53	41.0
OG00186	P0ABU5	P0DPI2	1	1	2.4749999999999997e-53	45.8
OG00187	P25534,P25535,P75728	Q9Y2Z9	3	1	7.157999999999999e-53	28.5
OG00188	P77775	Q9NRG7	1	1	2.742e-52	37.3
OG00189	P0A769	P49279,P49281	1	2	4.0369999999999995e-51	29.3
OG00190	P00946	P34949	1	1	4.112e-51	31.0
OG00191	P0AEP9	Q86WU2,Q8N465	1	2	4.292e-51	27.8
OG00192	P0A858	P60174	1	1	4.7209999999999996e-51	42.0
OG00193	P0AFC7,P16433,P77668	O75251	3	1	5.826999999999999e-51	48.7
OG00194	P00448,P0AGD3	P04179	2	1	8.493999999999999e-51	45.9
OG00195	P05459,P0A9T0,P37666,P52643,P75913	O43175,P56545,Q13363,Q9UBQ7	5	4	1.549e-50	30.6
OG00196	P31448	P31639,P53794,Q2M3M2,Q8WWX8,Q9NY91	1	5	1.902e-50	27.6
OG00197	P0A6W0,P77454	O94925,Q9UI32	2	2	5.859e-50	36.1
OG00198	P24555	Q4J6C6	1	1	6.365e-50	28.5
OG00199	P05707,P0A9P9,P0AEK2,P0AET8,P0AFP4,P0AG84,P0CI31,P15047,P31808,P33368,P37440,P37769,P39333,P39831,P52037,P76633	A6NNS2,O14756,O75452,O75911,P0CG22,P14061,P15428,P28845,P37058,P37059,P51659,P80365,Q02338,Q06136,Q13268,Q16698,Q3SXM5,Q53GQ0,Q6IAN0,Q6PKH6,Q6UWP2,Q6YN16,Q7Z4W1,Q7Z5P4,Q8IZV5,Q8N3Y7,Q8N4T8,Q8NBN7,Q8NBQ5,Q8NEX9,Q92506,Q92781,Q96LJ7,Q99714,Q9BPW9,Q9BPX1,Q9BTZ2,Q9BUT1,Q9BY49,Q9NUI1,Q9NYR8,Q9Y394	16	42	7.135e-50	28.4
OG00200	P05852	Q9H4B0,Q9NPF4	1	2	8.175e-50	31.6
OG00201	P04968,P0AGF6	P20132,Q96GA7,Q9GZT4	2	3	4.065e-49	30.4
OG00202	P0A746	Q8IXL7,Q9NZV6,Q9Y3D2	1	3	2.945e-48	55.8
OG00203	P13035	P43304	1	1	3.47e-48	26.7
OG00204	P32131,P52062	Q9HA92	2	1	4.578e-48	31.8
OG00205	P08200,P30125,P76251	P50213	3	1	7.054e-48	30.5
OG00206	Q47155	Q9UBT6,Q9UBZ9,Q9UNA4,Q9Y253	1	4	7.075e-48	30.3
OG00207	P46849	O00442	1	1	3.035e-47	32.9
OG00208	P0A9U8,P60584	P11310,P16219,P26440,P28330,P45954,P49748,Q9H845,Q9UKU7	2	8	1.554e-46	28.0
OG00209	P31434	Q14697,Q8TET4	1	2	2.1210000000000002e-46	26.7
OG00210	P0AF18,P42906	Q9Y303	2	1	3.7990000000000006e-46	35.2
OG00211	P37595	P20933,Q7L266,Q9H6P5	1	3	3.938e-46	30.9
OG00212	P0AA53	P27105,Q8TAV4,Q9NP85,Q9UJZ1	1	4	4.3670000000000004e-46	35.7
OG00213	P0AGK1	Q96H96	1	1	1.254e-45	36.1
OG00214	P0A6L0	Q9Y315	1	1	2.768e-45	37.7
OG00215	P0AG07,P32719,P39362	Q2QD12,Q96AT9	3	2	7.023e-45	38.2
OG00216	P0AFE8	P03905	1	1	7.522e-45	33.0
OG00217	P40874	Q9P0Z9	1	1	1.5609999999999999e-44	29.6
OG00218	P0A8F0,P0A8F4	Q9BZX2,Q9HA47,Q9NWZ5	2	3	2.12e-44	37.8
OG00219	P0A9V8,P0ABQ2,P77161,Q46888	P31937,Q49A26	4	2	4.3839999999999996e-44	30.1
OG00220	P0A9L8	P32322,Q53H96,Q96C36	1	3	4.783e-44	36.5
OG00221	P27248	P48728	1	1	5.803e-44	30.0
OG00222	P75960	Q9NXA8	1	1	6.745999999999999e-44	38.2
OG00223	P36929,P76273	P46087,Q96CB9	2	2	8.315e-44	29.9
OG00224	P00934,P0A6D7	Q86YJ6,Q8IYQ7	2	2	1.217e-43	28.1
OG00225	P32099	Q9Y234	1	1	1.739e-43	35.6
OG00226	P22333	P00813	1	1	2.04e-43	31.3
OG00227	P0AFI7	Q9NVS9	1	1	3.164e-43	42.7
OG00228	P0A8D6	A1Z1Q3,Q460N3,Q460N5,Q8IXQ6,Q9BQ69,Q9NXN4	1	6	1.043e-42	38.8
OG00229	P00914	Q49AN0	1	1	2.664e-42	25.7
OG00230	P17993	Q9NZJ6	1	1	3.4440000000000005e-42	38.3
OG00231	P0AEE3,P0C0V0,P39099	O43464,P83105,P83110,Q92743	3	4	5.061e-42	32.1
OG00232	P0ABW0,P77650	Q96NN9	2	1	5.927e-42	30.6
OG00233	P0AD57,P22939	Q5T2R2	2	1	8.377000000000001e-42	28.4
OG00234	P0A9J6	Q9H477	1	1	1.0139999999999999e-41	32.1
OG00235	P0A6E4	P00966	1	1	5.879999999999999e-41	27.6
OG00236	P0AEZ1	P42898	1	1	8.039999999999999e-41	32.5
OG00237	P32055	Q13630	1	1	9.336e-41	31.3
OG00238	P21499	Q8IYB7	1	1	9.62e-41	26.9
OG00239	P75757	O14863,Q8IWU4,Q99726,Q9BRI3	1	4	1.362e-40	30.6
OG00240	P25549	P15289,P15848,P34059,Q5FYB1,Q96EG1	1	5	2.087e-40	27.1
OG00241	Q46911	O00116	1	1	5.494e-40	25.7
OG00242	P69503	P07741	1	1	7.202e-40	45.3
OG00243	P0AC84,P75849	O95571,Q16775,Q53H82,Q6PII5,Q8N490	2	5	7.534e-40	32.4
OG00244	P0ADG4	O14732,P29218	1	2	1.3e-39	34.7
OG00245	P24203,P33030	Q4V339,Q5JTY5,Q5RIA9,Q8IUF1,Q9BRT8	2	5	1.871e-39	27.6
OG00246	P25519	O43824	1	1	2.563e-39	28.4
OG00247	P0AE08,P0AE52	P30041,P30048,P32119,Q06830,Q13162	2	5	7.632e-39	35.8
OG00248	P0AFQ7,P27859,P39408	Q17R31,Q6P1N9,Q93075	3	3	3.154e-38	29.8
OG00249	P75736	Q8NFV4	1	1	4.802e-38	35.2
OG00250	P21345	P43003	1	1	6.586e-38	25.3
OG00251	P30011	Q15274	1	1	1.906e-37	33.4
OG00252	P0A830	Q15758	1	1	2.467e-37	26.2
OG00253	P75782	Q86W50	1	1	3.6e-37	31.1
OG00254	P28304	Q08257,Q53FA7,Q9HCJ6	1	3	6.1819999999999995e-37	27.2
OG00255	P0A9S1	Q8IWW8	1	1	6.229000000000001e-36	25.6
OG00256	P46883	P19801	1	1	4.0440000000000003e-35	25.6
OG00257	P60472	Q86SQ9	1	1	8.132e-35	37.5
OG00258	P0A959,P77730	P17735	2	1	8.558e-35	26.2
OG00259	P0AAI9	Q8IVS2	1	1	1.754e-34	30.1
OG00260	P60546	O14936,Q00013,Q14168,Q15700,Q16774,Q5T2T1,Q8N3R9,Q96JB8,Q9NZW5	1	9	2.002e-34	28.8
OG00261	P0A7A7	O15228	1	1	2.0250000000000002e-34	26.3
OG00262	P75863	Q5VT66,Q969Z3	1	2	3.231e-34	30.0
OG00263	P60422	P62917,Q5T653	1	2	3.891e-34	36.4
OG00264	P45548	Q96BW5	1	1	5.042e-34	30.8
OG00265	P0A763	O00746,O75414,P15531,P22392,P56597,Q13232,Q86XW9,Q8N427,Q9Y5B8	1	9	5.05e-34	40.7
OG00266	P39208,P46859	Q5T6J7	2	1	1.591e-33	40.8
OG00267	P08312	O95363,Q9Y285	1	2	4.4939999999999995e-33	31.6
OG00268	P0AEN8	A2VDF0	1	1	1.4280000000000002e-32	45.9
OG00269	P67080	O94903	1	1	1.601e-32	32.9
OG00270	P68739	Q8N8Q3	1	1	2.807e-32	33.3
OG00271	P0C0R7	Q8IY81,Q9UET6,Q9UI43	1	3	4.389e-32	34.7
OG00272	P60340	O60832,Q8WWH5	1	2	1.2630000000000001e-31	31.7
OG00273	P0DP64	Q86X76,Q9NQR4	1	2	1.285e-31	36.6
OG00274	P06610	O75715,P07203,P18283,P22352,P36969,P59796,Q8TED1,Q96SL4	1	8	2.069e-31	38.2
OG00275	P0A6L2,P0A6L4,P75682	Q86XE5,Q9BXD5	3	2	2.738e-31	29.0
OG00276	P00370	P00367,P49448	1	2	7.809e-31	25.5
OG00277	P0A6T5	P30793	1	1	8.374e-31	36.8
OG00278	P0A8K1	Q9UG56	1	1	9.681e-31	29.9
OG00279	P39836	Q0GE19	1	1	1.675e-30	29.5
OG00280	P45524	Q8WU67,Q96SE0	1	2	2.021e-30	28.9
OG00281	P0ACE7	P49773,Q9BX68	1	2	3.176e-30	53.6
OG00282	P16384	Q9H3H1	1	1	3.836e-30	27.2
OG00283	P40191,P77150	O00764	2	1	4.496e-30	33.0
OG00284	P77398	Q8NBZ7	1	1	4.5000000000000004e-30	26.7
OG00285	Q46948	Q99497	1	1	1.0489999999999999e-29	37.2
OG00286	P24188	Q5T7W7	1	1	1.5579999999999998e-29	28.0
OG00287	P0A7Z0	P49247	1	1	3.183e-29	32.5
OG00288	P23871	P22830	1	1	3.5759999999999996e-29	26.3
OG00289	P00634	P05186	1	1	3.735e-29	26.2
OG00290	P0A729,P25536	O95671	2	1	5.194e-29	31.6
OG00291	P0AF93,P0AFQ5,P0AGL2	P52758	3	1	6.144e-29	41.3
OG00292	P0A6T9	P23434	1	1	1.155e-28	50.3
OG00293	P0A8A0,P0A8A2	Q9BSH4	2	1	1.403e-28	30.0
OG00294	P0A7D7	P22234	1	1	1.9760000000000002e-28	32.4
OG00295	P77234,P77296	Q5TEA6,Q9UBV2	2	2	4.579e-28	30.5
OG00296	P0AEA5	Q12887	1	1	5.668e-28	29.7
OG00297	P31574,P77378,Q46907	P13804	3	1	8.408e-28	30.1
OG00298	P26647	O15120,Q99943	1	2	1.188e-27	32.6
OG00299	P0A6I9	Q13057,Q8WVC6	1	2	4.11e-27	36.4
OG00300	P16456	P49903	1	1	4.521e-27	25.9
OG00301	P0A9I1	Q8N0X4	1	1	5.575e-27	26.7
OG00302	P0A7B3	O95544	1	1	5.909e-27	28.9
OG00303	P60438	P09001	1	1	8.477e-27	33.9
OG00304	P0A7J7	Q9Y3B7	1	1	8.755e-27	41.0
OG00305	P77739	Q9H479,Q9HA64	1	2	9.354e-27	26.9
OG00306	P06992	Q8WVM0,Q9UNQ2	1	2	1.6700000000000002e-26	27.2
OG00307	P0ACC1	Q9Y5R4	1	1	1.8570000000000003e-26	29.3
OG00308	P77538	Q5VST6,Q6PCB6,Q7L211,Q7Z5M8,Q8N2K0,Q96GS6	1	6	2.2250000000000003e-26	27.3
OG00309	P0AFD1	P19404	1	1	2.246e-26	43.5
OG00310	P0A7S3	O15235,P62266	1	2	2.7430000000000005e-26	42.2
OG00311	P0AA37,P0AA39,P0AA41,P33643	Q8IZ73,Q96CM3,Q9UJJ7	4	3	2.791e-26	29.5
OG00312	P0AFD6,P16432,P77423	O00217	3	1	5.156e-26	38.0
OG00313	P0AF24	A6NDG6,Q96GD0	1	2	7.626000000000001e-26	27.6
OG00314	P77165,Q46801	P47989,Q06278	2	2	1.036e-25	36.2
OG00315	P0A7R9	P62263,P82912	1	2	2.253e-25	43.5
OG00316	P39389	Q8N5Z0	1	1	2.285e-25	27.6
OG00317	P0ABT5,P33371	O95620,Q6P1R4,Q96G46,Q9NX74	2	4	2.424e-25	26.8
OG00318	P09030	P27695	1	1	4.271e-25	27.7
OG00319	P28634	Q9BU70	1	1	4.281e-25	43.2
OG00320	P0A6M4	Q8TEA8	1	1	5.929000000000001e-25	39.1
OG00321	P0ABA6	P36542	1	1	9.359e-25	26.2
OG00322	P0AFR0	Q6ZV29,Q8IY17	1	2	2.384e-24	30.2
OG00323	P0C0U4	Q8IXN7,Q9ULI2	1	2	3.156e-24	30.8
OG00324	P32664	Q86X67,Q9BQG2	1	2	1.268e-23	31.2
OG00325	P0A9M2	P00492,Q9NRG1	1	2	1.834e-23	32.9
OG00326	P0AA25,P0AC69,P0AGG4,P77395	O76003,P07237,P10599,P13667,P30101,Q13087,Q14554,Q15084,Q86SX6,Q86VQ3,Q8IXB1,Q8NBS9,Q96JJ7,Q99757,Q9BS26,Q9H3N1,Q9Y320	4	17	3.665e-23	40.1
OG00327	P0AA10	Q9BYD1	1	1	4.3209999999999997e-23	41.2
OG00328	P0A7D1	Q86Y79	1	1	4.322e-23	35.1
OG00329	P0A6P1	P43897	1	1	2.0369999999999999e-22	25.6
OG00330	P68398	Q7Z6V5	1	1	2.8389999999999996e-22	36.5
OG00331	P0AAC8,P0ACC3,P77667	Q86U28,Q9BUE6	3	2	4.462999999999999e-22	42.5
OG00332	P45469	Q9BUP3	1	1	4.78e-22	29.7
OG00333	P0A7Y0	Q9NRR4	1	1	7.4359999999999995e-22	28.3
OG00334	P0AC81	Q04760,Q9HC38	1	2	1.047e-21	32.2
OG00335	P77757	O60762	1	1	1.126e-21	28.0
OG00336	P50456	Q9Y223	1	1	2.181e-21	27.1
OG00337	P0A7E3	P11172	1	1	2.387e-21	30.5
OG00338	P69488	O60888	1	1	1.3090000000000001e-20	49.4
OG00339	P67153	Q15546,Q8IY49	1	2	1.3330000000000001e-20	28.6
OG00340	P0A9L3,P0AEM0,P45523	P26885,P62942,P68106,Q02790,Q5VVH2,Q96AY3,Q9Y680	3	7	1.4410000000000002e-20	41.4
OG00341	P77736	A0PJZ0,A2A2Z9,O60237,O75179,P42773,P58546,Q01484,Q05823,Q53RE8,Q6NSI1,Q8IWZ3,Q8IYU2,Q8N6D5,Q8NB46,Q8TC84,Q92527,Q9H9B1,Q9H9E1,Q9ULH0,Q9UM47,Q9Y283,Q9Y2G4,Q9Y575	1	23	3.685e-20	27.2
OG00342	P0ABF1	Q96Q11	1	1	5.1040000000000004e-20	25.6
OG00343	P0AFL3,P23869	A0A075B759,A0A075B767,A0A0B4J2A2,F5H284,O43447,P0DN26,P0DN37,P23284,P30405,P30414,P45877,P49792,P62937,Q13356,Q13427,Q6UX04,Q8IXY8,Q8WUA2,Q96BP3,Q9H2H8,Q9UNP9,Q9Y3C6,Q9Y536	2	23	5.2270000000000006e-20	29.3
OG00344	P77475,P77625	Q08623	2	1	6.245e-20	28.0
OG00345	P42589	P54577,Q12904	1	2	8.013e-20	48.8
OG00346	P0A7V0	Q9Y399	1	1	1.118e-19	28.4
OG00347	P0A9W6,P0ABE2	Q9H3K6,Q9Y3E2	2	2	1.217e-19	39.4
OG00348	P0A9H1	Q13569	1	1	2.097e-19	34.1
OG00349	P0AGB0	P78330	1	1	2.422e-19	31.8
OG00350	P0A7Y4	O60930	1	1	2.488e-19	35.2
OG00351	P02359	Q9Y2R9	1	1	3.025e-19	33.3
OG00352	P39163	Q8WUX2,Q9BUX1	1	2	4.005e-19	30.0
OG00353	P0A6L9	Q8IWL3	1	1	8.088e-19	32.8
OG00354	P30749	O96007	1	1	1.363e-18	41.8
OG00355	P37760	Q9NZL9	1	1	1.768e-18	25.5
OG00356	P0ABZ4	Q8NFW8	1	1	1.905e-18	31.9
OG00357	P06968	P33316	1	1	2.742e-18	34.8
OG00358	P60720	A6NK58	1	1	1.834e-17	31.8
OG00359	P76318	Q96FZ2	1	1	2.321e-17	25.5
OG00360	P0A7A5	P22061	1	1	2.965e-17	26.8
OG00361	P62672	Q9UK99,Q9Y2S7	1	2	3.173e-17	33.6
OG00362	P0AGE0	Q04837	1	1	2.012e-16	39.8
OG00363	P60723	Q9BYD3	1	1	2.114e-16	30.9
OG00364	P0ABQ0	Q96CD2	1	1	2.268e-16	30.7
OG00365	P0A754,P43340	P15559,P16083	2	2	2.581e-16	32.5
OG00366	P0A901	P05090	1	1	2.661e-16	31.2
OG00367	P33644	Q8IV20	1	1	5.922e-16	25.4
OG00368	P0A7L3	Q9BYC9	1	1	2.731e-15	40.5
OG00369	P0A968,P0A972,P0A978,P0A986,P0A9X9,P0A9Y6,P36995	P16989,P67809,Q6ZN17,Q9H9Z2,Q9Y2T7,Q9Y2V2,Q9Y534	7	7	3.107e-15	45.3
OG00370	P0A6P7	Q8N3Z3	1	1	3.129e-15	28.3
OG00371	P43337	P0C024,Q8WV74	1	2	3.597e-15	30.2
OG00372	P0A7T3	Q9Y3D3	1	1	3.966e-15	47.8
OG00373	P0ADY3	P62829	1	1	8.533e-15	39.1
OG00374	P0A805	Q96E11	1	1	1.384e-14	26.8
OG00375	P0AAT6	Q96EH3	1	1	1.478e-14	38.2
OG00376	P0A6K3	Q9HBH1	1	1	1.61e-14	29.0
OG00377	P09372	Q8TAA5,Q9HAV7	1	2	2.607e-14	29.6
OG00378	P0AC28	P49914	1	1	4.375e-14	26.8
OG00379	P0A9R4	P10109,Q6P4F2	1	2	4.864e-14	41.7
OG00380	P0AAB2,P0ACZ2	P24666	2	1	7.305e-14	29.2
OG00381	P0A7X3	P62249,P82933	1	2	7.313e-14	30.5
OG00382	P0AE78	Q6P4Q7,Q9H8M5	1	2	4.059e-13	26.8
OG00383	P60566	P38117	1	1	5.692e-13	25.7
OG00384	P0A6F9	P61604	1	1	8.918e-13	39.5
OG00385	P0ADW6	Q9H9T3	1	1	2.165e-12	27.9
OG00386	P65367	Q9UBK8	1	1	2.337e-12	34.1
OG00387	P52060	Q8WUR7	1	1	4.17e-12	37.7
OG00388	P0A6A8	O14561	1	1	9.332e-12	44.5
OG00389	P22255	Q9NX62	1	1	9.472e-12	26.7
OG00390	P31806	Q8NCW5	1	1	1.05e-11	26.6
OG00391	P0AGL5	Q96MF6,Q9H8M1	1	2	1.069e-11	28.2
OG00392	P65870	Q03393	1	1	1.513e-11	34.2
OG00393	P0AB65	P07311,P14621	1	2	1.721e-11	41.2
OG00394	P0AG59	O60783	1	1	1.816e-11	36.4
OG00395	P0ABA4	P48047	1	1	2.469e-11	25.7
OG00396	Q46822	Q13907,Q9BXS1	1	2	3.814e-11	26.0
OG00397	P0A7L8	Q9P0M9	1	1	4.54e-11	37.5
OG00398	P0A9L5	Q13526,Q9Y237	1	2	4.646e-11	38.6
OG00399	P0AG44	Q9NRX2	1	1	4.801e-11	35.3
OG00400	P0AG24	Q8N4P3	1	1	5.314e-11	33.2
OG00401	P0A8H3	Q8N1S5	1	1	8.989e-11	26.8
OG00402	P45539	Q8MH63	1	1	5.306e-10	31.8
OG00403	P0A7W1	P15880,P82675	1	2	1.037e-09	25.4
OG00404	P0ABF8	Q9UJA2	1	1	2.03e-09	25.7
OG00405	P37128	O95848	1	1	2.478e-09	26.1
OG00406	P0A944,P39337	Q8N9F0,Q9UHE5	2	2	2.606e-09	28.7
OG00407	P0A7R5	P60866,P82664	1	2	3.092e-09	30.6
OG00408	P0ADY7	Q9NX20	1	1	7.016e-09	29.4
OG00409	P0AFP2	P16455	1	1	1.964e-08	35.3
OG00410	P0AG63	P62280,Q9Y2R5	1	2	2.503e-08	35.8
OG00411	P0AFC3	P03897	1	1	4.559e-08	29.1
OG00412	P0AGD1	P00441	1	1	6.407e-08	28.5
OG00413	P0A7U3	P62841	1	1	2.327e-07	34.0
OG00414	P76093	O95147	1	1	7.261e-07	27.8
OG00415	P0A7S9	P62269	1	1	1.101e-06	25.2
OG00416	P0A8Z0	O00154	1	1	1.68e-06	26.8
OG00417	P09163	Q9UHF3	1	1	1.844e-06	25.2
OG00418	P0ABF6	P32320	1	1	3.395e-06	28.1
OG00419	P77526	P26641	1	1	3.658e-06	26.0
OG00420	P63020	Q9UMS0	1	1	4.597e-06	29.4
OG00421	P46854	Q9GZZ1	1	1	6.539e-06	30.1
